constrained_class,constraint_tag,method,n_seeds,macro_f1_mean,macro_f1_std,flips_mean,flips_std,accuracy_mean,accuracy_std,satisfied_pct
0,L20_G20,tralo,4,0.694125,0.006397,1.0000,1.4142,0.854825,0.002358,100.00
0,L20_G20,tralo_bounded,4,0.689450,0.004713,3.2500,0.9574,0.852825,0.002810,100.00
0,L20_G20,fioretto_ldf,4,0.690100,0.004408,4.0000,0.0000,0.852700,0.001472,100.00
0,L20_G20,hounie_rcl,4,0.677500,0.005738,7.7500,2.6300,0.845700,0.004143,100.00
0,L20_G20,heuristic,4,0.706300,0.009630,66.7500,11.9548,0.855950,0.004699,0.00
0,L20_G20,danits_lp,4,0.706050,0.009206,66.7500,11.9548,0.855950,0.004699,0.00
0,L30_G30,tralo,4,0.721375,0.014196,1.7500,2.8723,0.858950,0.004664,100.00
0,L30_G30,tralo_bounded,4,0.716575,0.007289,5.2500,1.2583,0.859200,0.001871,100.00
0,L30_G30,fioretto_ldf,4,0.723225,0.007991,5.2500,2.0616,0.859700,0.001472,100.00
0,L30_G30,hounie_rcl,4,0.708400,0.007603,10.2500,1.5000,0.852325,0.002926,100.00
0,L30_G30,heuristic,4,0.729425,0.008586,58.7500,11.9548,0.859200,0.004491,0.00
0,L30_G30,danits_lp,4,0.729425,0.008586,58.7500,11.9548,0.859200,0.004491,0.00
0,L50_G50,tralo,4,0.751275,0.011142,0.0000,0.0000,0.866325,0.002250,100.00
0,L50_G50,tralo_bounded,4,0.734900,0.018866,0.0000,0.0000,0.862450,0.002255,100.00
0,L50_G50,fioretto_ldf,4,0.735975,0.020209,0.0000,0.0000,0.863450,0.002533,100.00
0,L50_G50,hounie_rcl,4,0.733525,0.020439,0.0000,0.0000,0.861075,0.002898,100.00
0,L50_G50,heuristic,4,0.752550,0.006883,46.7500,11.9548,0.862825,0.004768,0.00
0,L50_G50,danits_lp,4,0.752550,0.006883,46.7500,11.9548,0.862825,0.004768,0.00
0,L70_G70,tralo,4,0.771450,0.014380,1.2500,1.8930,0.868700,0.003894,100.00
0,L70_G70,tralo_bounded,4,0.768600,0.011099,7.5000,2.3805,0.869200,0.002483,75.00
0,L70_G70,fioretto_ldf,4,0.769850,0.008162,8.7500,4.7871,0.870575,0.001181,75.00
0,L70_G70,hounie_rcl,4,0.765975,0.011880,8.2500,4.0311,0.869075,0.001436,100.00
0,L70_G70,heuristic,4,0.769350,0.005772,33.7500,11.9548,0.865825,0.005072,0.00
0,L70_G70,danits_lp,4,0.769325,0.005753,33.7500,11.9548,0.865825,0.005072,0.00
0,L80_G80,tralo,4,0.767950,0.017532,0.0000,0.0000,0.867325,0.006005,100.00
0,L80_G80,tralo_bounded,4,0.776100,0.017921,0.2500,0.5000,0.870825,0.004732,75.00
0,L80_G80,fioretto_ldf,4,0.778050,0.012246,0.0000,0.0000,0.871200,0.001732,100.00
0,L80_G80,hounie_rcl,4,0.774625,0.011208,0.0000,0.0000,0.870575,0.003497,100.00
0,L80_G80,heuristic,4,0.773525,0.009286,26.7500,11.9548,0.866825,0.005498,0.00
0,L80_G80,danits_lp,4,0.775225,0.006404,26.7500,11.9548,0.866950,0.005331,0.00
1,L20_G20,tralo,4,0.649675,0.011481,0.5000,0.5774,0.836475,0.004583,100.00
1,L20_G20,tralo_bounded,4,0.649325,0.017931,3.7500,1.5000,0.836100,0.005093,75.00
1,L20_G20,fioretto_ldf,4,0.650875,0.017410,4.0000,1.4142,0.836100,0.005441,100.00
1,L20_G20,hounie_rcl,4,0.636675,0.018262,6.5000,1.9149,0.832100,0.005568,100.00
1,L20_G20,heuristic,4,0.681550,0.018416,77.2500,9.2150,0.842200,0.004916,0.00
1,L20_G20,danits_lp,4,0.681450,0.018580,77.2500,9.2150,0.842200,0.004916,0.00
1,L30_G30,tralo,4,0.677525,0.009809,0.5000,1.0000,0.842575,0.004131,100.00
1,L30_G30,tralo_bounded,4,0.679600,0.012926,5.2500,1.5000,0.843325,0.004008,75.00
1,L30_G30,fioretto_ldf,4,0.677275,0.014482,6.0000,0.0000,0.842950,0.004481,75.00
1,L30_G30,hounie_rcl,4,0.665850,0.020908,8.2500,2.3629,0.839725,0.005413,100.00
1,L30_G30,heuristic,4,0.699700,0.018450,68.2500,9.2150,0.846450,0.004518,0.00
1,L30_G30,danits_lp,4,0.699225,0.017843,68.2500,9.2150,0.846450,0.004518,0.00
1,L50_G50,tralo,4,0.732625,0.009773,3.7500,4.3493,0.857450,0.001041,100.00
1,L50_G50,tralo_bounded,4,0.723650,0.004764,6.0000,2.8284,0.856450,0.002901,50.00
1,L50_G50,fioretto_ldf,4,0.725900,0.004545,6.7500,2.0616,0.856950,0.003379,75.00
1,L50_G50,hounie_rcl,4,0.718425,0.011795,9.0000,2.9439,0.853450,0.002661,100.00
1,L50_G50,heuristic,4,0.734300,0.012872,46.2500,9.2150,0.855075,0.003966,0.00
1,L50_G50,danits_lp,4,0.734300,0.012872,46.2500,9.2150,0.855075,0.003966,0.00
1,L70_G70,tralo,4,0.763125,0.008657,0.0000,0.0000,0.865950,0.002723,100.00
1,L70_G70,tralo_bounded,4,0.758325,0.009044,0.2500,0.5000,0.865950,0.002533,75.00
1,L70_G70,fioretto_ldf,4,0.759525,0.005627,0.2500,0.5000,0.865825,0.001750,75.00
1,L70_G70,hounie_rcl,4,0.752750,0.006172,0.0000,0.0000,0.864450,0.002327,100.00
1,L70_G70,heuristic,4,0.756900,0.014446,26.2500,9.2150,0.861325,0.004385,0.00
1,L70_G70,danits_lp,4,0.756900,0.014446,26.2500,9.2150,0.861325,0.004385,0.00
1,L80_G80,tralo,4,0.774750,0.002822,0.5000,0.5774,0.870075,0.001702,100.00
1,L80_G80,tralo_bounded,4,0.773400,0.001774,5.5000,2.3805,0.869825,0.003198,50.00
1,L80_G80,fioretto_ldf,4,0.773725,0.002156,5.5000,3.4157,0.870075,0.002175,50.00
1,L80_G80,hounie_rcl,4,0.771125,0.003171,9.5000,2.6458,0.870075,0.002136,100.00
1,L80_G80,heuristic,4,0.765850,0.013614,16.2500,9.2150,0.863950,0.004093,0.00
1,L80_G80,danits_lp,4,0.765200,0.013130,16.2500,9.2150,0.863700,0.004123,0.00
2,L20_G20,tralo,4,0.678975,0.008360,0.0000,0.0000,0.816925,0.003119,100.00
2,L20_G20,tralo_bounded,4,0.664150,0.015881,0.0000,0.0000,0.810300,0.003742,100.00
2,L20_G20,fioretto_ldf,4,0.661475,0.019245,0.2500,0.5000,0.809050,0.004805,75.00
2,L20_G20,hounie_rcl,4,0.634500,0.009081,0.0000,0.0000,0.799425,0.004423,100.00
2,L20_G20,heuristic,4,0.685475,0.012594,170.0000,26.5832,0.819175,0.005297,0.00
2,L20_G20,danits_lp,4,0.685500,0.012599,170.0000,26.5832,0.819175,0.005297,0.00
2,L30_G30,tralo,4,0.703200,0.011439,5.2500,3.9476,0.830025,0.004615,100.00
2,L30_G30,tralo_bounded,4,0.711675,0.008364,19.2500,1.8930,0.830550,0.002958,100.00
2,L30_G30,fioretto_ldf,4,0.711800,0.008739,16.2500,0.9574,0.831175,0.001315,100.00
2,L30_G30,hounie_rcl,4,0.699275,0.003564,35.0000,2.8284,0.826425,0.003924,100.00
2,L30_G30,heuristic,4,0.706375,0.012755,148.0000,26.5832,0.828800,0.004655,0.00
2,L30_G30,danits_lp,4,0.706275,0.012762,148.0000,26.5832,0.828800,0.004655,0.00
2,L50_G50,tralo,4,0.750850,0.007340,8.0000,11.4018,0.852325,0.003172,75.00
2,L50_G50,tralo_bounded,4,0.748175,0.007920,20.5000,6.5574,0.851200,0.003162,100.00
2,L50_G50,fioretto_ldf,4,0.751075,0.008326,22.7500,1.8930,0.851450,0.003926,100.00
2,L50_G50,hounie_rcl,4,0.737225,0.009631,39.7500,5.5000,0.846325,0.004151,100.00
2,L50_G50,heuristic,4,0.738250,0.013993,104.0000,26.5832,0.846200,0.004143,0.00
2,L50_G50,danits_lp,4,0.737900,0.014128,104.0000,26.5832,0.846450,0.003753,0.00
2,L70_G70,tralo,4,0.772950,0.005741,3.7500,1.8930,0.865825,0.002136,100.00
2,L70_G70,tralo_bounded,4,0.772700,0.007108,16.5000,3.3166,0.865575,0.001548,100.00
2,L70_G70,fioretto_ldf,4,0.773850,0.007022,15.5000,4.4347,0.866075,0.003010,100.00
2,L70_G70,hounie_rcl,4,0.775400,0.009514,29.5000,8.3467,0.866075,0.002175,100.00
2,L70_G70,heuristic,4,0.761850,0.013223,60.5000,25.6840,0.860200,0.002915,0.00
2,L70_G70,danits_lp,4,0.759950,0.014717,60.2500,26.1327,0.859825,0.002926,0.00
2,L80_G80,tralo,4,0.781400,0.006038,3.5000,3.7859,0.869950,0.001323,100.00
2,L80_G80,tralo_bounded,4,0.782950,0.004579,13.7500,4.1932,0.870450,0.002062,100.00
2,L80_G80,fioretto_ldf,4,0.783450,0.004734,14.2500,1.5000,0.870450,0.001848,75.00
2,L80_G80,hounie_rcl,4,0.781425,0.005380,23.7500,6.2383,0.869700,0.002646,100.00
2,L80_G80,heuristic,4,0.765350,0.016249,43.5000,18.8591,0.862950,0.004481,0.00
2,L80_G80,danits_lp,4,0.763675,0.015583,41.2500,22.6035,0.862325,0.004110,0.00
