dataset,model,warmup_epochs,constrained_class,constraint_tag,method,seed,acc,f1m,ccf1,ccrec,ccprec,flips,sat
octmnist,MobileNetV3,50,2,L20_G20,danits_lp,1,0.667,0.6252,0.3067,0.184,0.92,210.0,0.0
octmnist,MobileNetV3,50,2,L20_G20,danits_lp,2,0.648,0.6084,0.32,0.192,0.96,109.0,0.0
octmnist,MobileNetV3,50,2,L20_G20,danits_lp,3,0.663,0.6189,0.2933,0.176,0.88,102.0,0.0
octmnist,MobileNetV3,50,2,L20_G20,danits_lp,4,0.717,0.6705,0.3133,0.188,0.94,117.0,0.0
octmnist,MobileNetV3,50,2,L20_G20,fioretto_ldf,1,0.714,0.6675,0.3067,0.184,0.92,6.0,1.0
octmnist,MobileNetV3,50,2,L20_G20,fioretto_ldf,2,0.711,0.6659,0.32,0.192,0.96,7.0,1.0
octmnist,MobileNetV3,50,2,L20_G20,fioretto_ldf,3,0.728,0.6803,0.3133,0.188,0.94,2.0,1.0
octmnist,MobileNetV3,50,2,L20_G20,fioretto_ldf,4,0.729,0.68,0.3067,0.184,0.92,11.0,1.0
octmnist,MobileNetV3,50,2,L20_G20,heuristic,1,0.667,0.6252,0.3067,0.184,0.92,210.0,0.0
octmnist,MobileNetV3,50,2,L20_G20,heuristic,2,0.648,0.6084,0.32,0.192,0.96,109.0,0.0
octmnist,MobileNetV3,50,2,L20_G20,heuristic,3,0.663,0.6189,0.2933,0.176,0.88,102.0,0.0
octmnist,MobileNetV3,50,2,L20_G20,heuristic,4,0.717,0.6705,0.3133,0.188,0.94,117.0,0.0
octmnist,MobileNetV3,50,2,L20_G20,hounie_rcl,1,0.713,0.6665,0.3067,0.184,0.92,18.0,1.0
octmnist,MobileNetV3,50,2,L20_G20,hounie_rcl,2,0.703,0.6585,0.3133,0.188,0.94,23.0,1.0
octmnist,MobileNetV3,50,2,L20_G20,hounie_rcl,3,0.722,0.6748,0.3133,0.188,0.94,13.0,1.0
octmnist,MobileNetV3,50,2,L20_G20,hounie_rcl,4,0.725,0.6755,0.3,0.18,0.9,14.0,1.0
octmnist,MobileNetV3,50,2,L20_G20,tralo,1,0.717,0.6713,0.3133,0.188,0.94,2.0,1.0
octmnist,MobileNetV3,50,2,L20_G20,tralo,2,0.716,0.6707,0.32,0.192,0.96,3.0,1.0
octmnist,MobileNetV3,50,2,L20_G20,tralo,3,0.728,0.6801,0.3067,0.184,0.92,1.0,1.0
octmnist,MobileNetV3,50,2,L20_G20,tralo,4,0.723,0.6751,0.3067,0.184,0.92,7.0,1.0
octmnist,MobileNetV3,50,2,L20_G20,tralo_bounded,1,0.714,0.6675,0.3067,0.184,0.92,8.0,1.0
octmnist,MobileNetV3,50,2,L20_G20,tralo_bounded,2,0.71,0.6652,0.32,0.192,0.96,8.0,1.0
octmnist,MobileNetV3,50,2,L20_G20,tralo_bounded,3,0.725,0.6776,0.3133,0.188,0.94,2.0,1.0
octmnist,MobileNetV3,50,2,L20_G20,tralo_bounded,4,0.728,0.6784,0.3,0.18,0.9,7.0,1.0
octmnist,MobileNetV3,50,2,L30_G30,danits_lp,1,0.69,0.6634,0.4308,0.28,0.9333,185.0,0.0
octmnist,MobileNetV3,50,2,L30_G30,danits_lp,2,0.67,0.6437,0.4308,0.28,0.9333,84.0,0.0
octmnist,MobileNetV3,50,2,L30_G30,danits_lp,3,0.684,0.6531,0.4,0.26,0.8667,77.0,0.0
octmnist,MobileNetV3,50,2,L30_G30,danits_lp,4,0.734,0.7007,0.4123,0.268,0.8933,92.0,0.0
octmnist,MobileNetV3,50,2,L30_G30,fioretto_ldf,1,0.736,0.703,0.4174,0.268,0.9437,1.0,0.0
octmnist,MobileNetV3,50,2,L30_G30,fioretto_ldf,2,0.727,0.6899,0.381,0.24,0.9231,0.0,1.0
octmnist,MobileNetV3,50,2,L30_G30,fioretto_ldf,3,0.746,0.71,0.4013,0.256,0.9275,0.0,1.0
octmnist,MobileNetV3,50,2,L30_G30,fioretto_ldf,4,0.744,0.7029,0.3654,0.228,0.9194,0.0,1.0
octmnist,MobileNetV3,50,2,L30_G30,heuristic,1,0.69,0.6634,0.4308,0.28,0.9333,185.0,0.0
octmnist,MobileNetV3,50,2,L30_G30,heuristic,2,0.669,0.6428,0.4308,0.28,0.9333,84.0,0.0
octmnist,MobileNetV3,50,2,L30_G30,heuristic,3,0.684,0.6531,0.4,0.26,0.8667,77.0,0.0
octmnist,MobileNetV3,50,2,L30_G30,heuristic,4,0.736,0.7032,0.4185,0.272,0.9067,92.0,0.0
octmnist,MobileNetV3,50,2,L30_G30,hounie_rcl,1,0.725,0.6854,0.3613,0.224,0.9333,0.0,1.0
octmnist,MobileNetV3,50,2,L30_G30,hounie_rcl,2,0.706,0.6569,0.2857,0.168,0.9545,0.0,1.0
octmnist,MobileNetV3,50,2,L30_G30,hounie_rcl,3,0.73,0.6872,0.3453,0.212,0.9298,0.0,1.0
octmnist,MobileNetV3,50,2,L30_G30,hounie_rcl,4,0.729,0.681,0.3123,0.188,0.9216,0.0,1.0
octmnist,MobileNetV3,50,2,L30_G30,tralo,1,0.737,0.7045,0.4224,0.272,0.9444,0.0,1.0
octmnist,MobileNetV3,50,2,L30_G30,tralo,2,0.725,0.691,0.3851,0.248,0.8611,0.0,1.0
octmnist,MobileNetV3,50,2,L30_G30,tralo,3,0.745,0.712,0.4246,0.276,0.92,0.0,1.0
octmnist,MobileNetV3,50,2,L30_G30,tralo,4,0.736,0.7017,0.3975,0.256,0.8889,0.0,1.0
octmnist,MobileNetV3,50,2,L30_G30,tralo_bounded,1,0.735,0.7008,0.4075,0.26,0.942,0.0,1.0
octmnist,MobileNetV3,50,2,L30_G30,tralo_bounded,2,0.728,0.691,0.381,0.24,0.9231,0.0,1.0
octmnist,MobileNetV3,50,2,L30_G30,tralo_bounded,3,0.745,0.7098,0.405,0.26,0.9155,0.0,1.0
octmnist,MobileNetV3,50,2,L30_G30,tralo_bounded,4,0.742,0.7003,0.3601,0.224,0.918,0.0,1.0
octmnist,MobileNetV3,50,2,L50_G50,danits_lp,1,0.73,0.7206,0.6027,0.452,0.904,135.0,0.0
octmnist,MobileNetV3,50,2,L50_G50,danits_lp,2,0.692,0.6766,0.5387,0.404,0.808,34.0,0.0
octmnist,MobileNetV3,50,2,L50_G50,danits_lp,3,0.714,0.6995,0.544,0.408,0.816,27.0,0.0
octmnist,MobileNetV3,50,2,L50_G50,danits_lp,4,0.769,0.754,0.576,0.432,0.864,42.0,0.0
octmnist,MobileNetV3,50,2,L50_G50,fioretto_ldf,1,0.766,0.7512,0.5653,0.424,0.848,24.0,1.0
octmnist,MobileNetV3,50,2,L50_G50,fioretto_ldf,2,0.78,0.7663,0.6027,0.452,0.904,10.0,0.0
octmnist,MobileNetV3,50,2,L50_G50,fioretto_ldf,3,0.779,0.7645,0.5813,0.436,0.872,10.0,0.0
octmnist,MobileNetV3,50,2,L50_G50,fioretto_ldf,4,0.78,0.7642,0.5707,0.428,0.856,7.0,1.0
octmnist,MobileNetV3,50,2,L50_G50,heuristic,1,0.73,0.7205,0.6027,0.452,0.904,135.0,0.0
octmnist,MobileNetV3,50,2,L50_G50,heuristic,2,0.692,0.6766,0.5387,0.404,0.808,34.0,0.0
octmnist,MobileNetV3,50,2,L50_G50,heuristic,3,0.712,0.6971,0.5387,0.404,0.808,27.0,0.0
octmnist,MobileNetV3,50,2,L50_G50,heuristic,4,0.769,0.754,0.576,0.432,0.864,42.0,0.0
octmnist,MobileNetV3,50,2,L50_G50,hounie_rcl,1,0.767,0.7522,0.5653,0.424,0.848,28.0,1.0
octmnist,MobileNetV3,50,2,L50_G50,hounie_rcl,2,0.777,0.7632,0.5973,0.448,0.896,7.0,1.0
octmnist,MobileNetV3,50,2,L50_G50,hounie_rcl,3,0.78,0.7652,0.5813,0.436,0.872,24.0,1.0
octmnist,MobileNetV3,50,2,L50_G50,hounie_rcl,4,0.782,0.7664,0.576,0.432,0.864,9.0,1.0
octmnist,MobileNetV3,50,2,L50_G50,tralo,1,0.766,0.7516,0.5707,0.428,0.856,3.0,1.0
octmnist,MobileNetV3,50,2,L50_G50,tralo,2,0.777,0.7639,0.6027,0.452,0.904,1.0,1.0
octmnist,MobileNetV3,50,2,L50_G50,tralo,3,0.791,0.7768,0.6027,0.452,0.904,2.0,1.0
octmnist,MobileNetV3,50,2,L50_G50,tralo,4,0.776,0.7593,0.5547,0.416,0.832,0.0,1.0
octmnist,MobileNetV3,50,2,L50_G50,tralo_bounded,1,0.768,0.7535,0.5707,0.428,0.856,23.0,1.0
octmnist,MobileNetV3,50,2,L50_G50,tralo_bounded,2,0.777,0.7632,0.5973,0.448,0.896,4.0,1.0
octmnist,MobileNetV3,50,2,L50_G50,tralo_bounded,3,0.78,0.7654,0.5813,0.436,0.872,9.0,0.0
octmnist,MobileNetV3,50,2,L50_G50,tralo_bounded,4,0.783,0.7674,0.576,0.432,0.864,9.0,1.0
octmnist,MobileNetV3,50,2,L70_G70,danits_lp,1,0.755,0.7517,0.6934,0.588,0.8448,86.0,0.0
octmnist,MobileNetV3,50,2,L70_G70,danits_lp,2,0.708,0.6965,0.5911,0.48,0.7692,3.0,0.0
octmnist,MobileNetV3,50,2,L70_G70,danits_lp,3,0.725,0.715,0.597,0.48,0.7895,0.0,1.0
octmnist,MobileNetV3,50,2,L70_G70,danits_lp,4,0.792,0.7847,0.6619,0.552,0.8263,0.0,1.0
octmnist,MobileNetV3,50,2,L70_G70,fioretto_ldf,1,0.771,0.7637,0.6274,0.532,0.7644,19.0,0.0
octmnist,MobileNetV3,50,2,L70_G70,fioretto_ldf,2,0.799,0.7931,0.684,0.58,0.8333,21.0,1.0
octmnist,MobileNetV3,50,2,L70_G70,fioretto_ldf,3,0.789,0.7826,0.6557,0.556,0.7989,17.0,1.0
octmnist,MobileNetV3,50,2,L70_G70,fioretto_ldf,4,0.8,0.7931,0.6604,0.56,0.8046,17.0,1.0
octmnist,MobileNetV3,50,2,L70_G70,heuristic,1,0.755,0.7517,0.6934,0.588,0.8448,86.0,0.0
octmnist,MobileNetV3,50,2,L70_G70,heuristic,2,0.72,0.7103,0.6321,0.536,0.7701,23.0,0.0
octmnist,MobileNetV3,50,2,L70_G70,heuristic,3,0.725,0.7163,0.6132,0.52,0.7471,22.0,1.0
octmnist,MobileNetV3,50,2,L70_G70,heuristic,4,0.791,0.7845,0.6651,0.564,0.8103,7.0,1.0
octmnist,MobileNetV3,50,2,L70_G70,hounie_rcl,1,0.775,0.7678,0.6321,0.536,0.7701,19.0,1.0
octmnist,MobileNetV3,50,2,L70_G70,hounie_rcl,2,0.799,0.7931,0.684,0.58,0.8333,21.0,1.0
octmnist,MobileNetV3,50,2,L70_G70,hounie_rcl,3,0.791,0.7844,0.6509,0.552,0.7931,15.0,1.0
octmnist,MobileNetV3,50,2,L70_G70,hounie_rcl,4,0.8,0.7931,0.6604,0.56,0.8046,17.0,1.0
octmnist,MobileNetV3,50,2,L70_G70,tralo,1,0.785,0.778,0.6509,0.552,0.7931,0.0,1.0
octmnist,MobileNetV3,50,2,L70_G70,tralo,2,0.795,0.7887,0.6745,0.572,0.8218,20.0,1.0
octmnist,MobileNetV3,50,2,L70_G70,tralo,3,0.771,0.7645,0.6132,0.52,0.7471,8.0,1.0
octmnist,MobileNetV3,50,2,L70_G70,tralo,4,0.801,0.7941,0.6604,0.56,0.8046,15.0,1.0
octmnist,MobileNetV3,50,2,L70_G70,tralo_bounded,1,0.774,0.7669,0.6321,0.536,0.7701,19.0,0.0
octmnist,MobileNetV3,50,2,L70_G70,tralo_bounded,2,0.799,0.7931,0.684,0.58,0.8333,21.0,1.0
octmnist,MobileNetV3,50,2,L70_G70,tralo_bounded,3,0.791,0.7847,0.6557,0.556,0.7989,18.0,1.0
octmnist,MobileNetV3,50,2,L70_G70,tralo_bounded,4,0.8,0.7931,0.6604,0.56,0.8046,20.0,1.0
octmnist,MobileNetV3,50,2,L80_G80,danits_lp,1,0.759,0.7563,0.7156,0.644,0.805,60.0,0.0
octmnist,MobileNetV3,50,2,L80_G80,danits_lp,2,0.71,0.6987,0.5966,0.488,0.7673,0.0,1.0
octmnist,MobileNetV3,50,2,L80_G80,danits_lp,3,0.725,0.715,0.597,0.48,0.7895,0.0,1.0
octmnist,MobileNetV3,50,2,L80_G80,danits_lp,4,0.792,0.7847,0.6619,0.552,0.8263,0.0,1.0
octmnist,MobileNetV3,50,2,L80_G80,fioretto_ldf,1,0.783,0.7787,0.6756,0.608,0.76,39.0,1.0
octmnist,MobileNetV3,50,2,L80_G80,fioretto_ldf,2,0.804,0.8,0.7111,0.64,0.8,47.0,1.0
octmnist,MobileNetV3,50,2,L80_G80,fioretto_ldf,3,0.784,0.7794,0.6489,0.584,0.73,29.0,1.0
octmnist,MobileNetV3,50,2,L80_G80,fioretto_ldf,4,0.796,0.7911,0.6667,0.6,0.75,41.0,1.0
octmnist,MobileNetV3,50,2,L80_G80,heuristic,1,0.757,0.7543,0.7111,0.64,0.8,60.0,0.0
octmnist,MobileNetV3,50,2,L80_G80,heuristic,2,0.722,0.7114,0.64,0.576,0.72,41.0,1.0
octmnist,MobileNetV3,50,2,L80_G80,heuristic,3,0.724,0.7158,0.6267,0.564,0.705,48.0,1.0
octmnist,MobileNetV3,50,2,L80_G80,heuristic,4,0.802,0.7982,0.7022,0.632,0.79,33.0,1.0
octmnist,MobileNetV3,50,2,L80_G80,hounie_rcl,1,0.783,0.7787,0.6756,0.608,0.76,39.0,1.0
octmnist,MobileNetV3,50,2,L80_G80,hounie_rcl,2,0.804,0.8,0.7111,0.64,0.8,47.0,1.0
octmnist,MobileNetV3,50,2,L80_G80,hounie_rcl,3,0.784,0.7794,0.6489,0.584,0.73,29.0,1.0
octmnist,MobileNetV3,50,2,L80_G80,hounie_rcl,4,0.796,0.7911,0.6667,0.6,0.75,41.0,1.0
octmnist,MobileNetV3,50,2,L80_G80,tralo,1,0.781,0.7767,0.6756,0.608,0.76,39.0,1.0
octmnist,MobileNetV3,50,2,L80_G80,tralo,2,0.805,0.8009,0.7111,0.64,0.8,45.0,1.0
octmnist,MobileNetV3,50,2,L80_G80,tralo,3,0.781,0.7763,0.6444,0.58,0.725,25.0,1.0
octmnist,MobileNetV3,50,2,L80_G80,tralo,4,0.801,0.7965,0.6756,0.608,0.76,38.0,1.0
octmnist,MobileNetV3,50,2,L80_G80,tralo_bounded,1,0.783,0.7787,0.6756,0.608,0.76,39.0,1.0
octmnist,MobileNetV3,50,2,L80_G80,tralo_bounded,2,0.804,0.8,0.7111,0.64,0.8,47.0,1.0
octmnist,MobileNetV3,50,2,L80_G80,tralo_bounded,3,0.784,0.7794,0.6489,0.584,0.73,29.0,1.0
octmnist,MobileNetV3,50,2,L80_G80,tralo_bounded,4,0.796,0.7911,0.6667,0.6,0.75,41.0,1.0
