dataset,model,cap,seed,method,dir,n_log_rows,max_cep,excess_first,excess_last,excess_min,first_sat_cep,n_sat_rows,lam_last,ce_last,hard_first,hard_last,hard_min,soft_first,soft_last,soft_minus_hard_last,lam_max,tracc_last,tracc_first
dermmnist,MobileNetV3,L50_G50,4,hounie_rcl,results/headroom/headroom_b30_lrc0.0001_noceskip/lane1/MobileNetV3/dermmnist/L50_G50/hounie_rcl/seed_4,28,28.0,125.0,0.0,0.0,8.0,6,,,,,,,,,,,
dermmnist,MobileNetV3,L50_G50,3,hounie_rcl,results/headroom/headroom_b30_lrc0.0001_noceskip/lane1/MobileNetV3/dermmnist/L50_G50/hounie_rcl/seed_3,25,25.0,313.0,0.0,0.0,21.0,5,,,,,,,,,,,
dermmnist,MobileNetV3,L50_G50,1,hounie_rcl,results/headroom/headroom_b30_lrc0.0001_noceskip/lane1/MobileNetV3/dermmnist/L50_G50/hounie_rcl/seed_1,29,29.0,69.0,0.0,0.0,27.0,3,,,,,,,,,,,
dermmnist,MobileNetV3,L50_G50,2,hounie_rcl,results/headroom/headroom_b30_lrc0.0001_noceskip/lane1/MobileNetV3/dermmnist/L50_G50/hounie_rcl/seed_2,29,29.0,57.0,0.0,0.0,26.0,4,,,,,,,,,,,
dermmnist,MobileNetV3,L50_G50,4,tralo,results/headroom/headroom_b30_lrc0.0001_noceskip/lane1/MobileNetV3/dermmnist/L50_G50/tralo/seed_4,14,29.0,,,,3.0,7,0.05,0.00765,174.0,130.0,66.0,211.61,131.49,1.490000000000009,0.05,0.9979,0.8191
dermmnist,MobileNetV3,L50_G50,3,tralo,results/headroom/headroom_b30_lrc0.0001_noceskip/lane1/MobileNetV3/dermmnist/L50_G50/tralo/seed_3,11,29.0,,,,9.0,5,0.06,0.01279,268.0,119.0,82.0,285.26,117.61,-1.3900000000000006,0.06,0.9951,0.8274
dermmnist,MobileNetV3,L50_G50,1,tralo,results/headroom/headroom_b30_lrc0.0001_noceskip/lane1/MobileNetV3/dermmnist/L50_G50/tralo/seed_1,13,29.0,,,,3.0,7,0.05,0.003776,146.0,101.0,79.0,185.62,101.19,0.18999999999999773,0.05,0.9988,0.8255
dermmnist,MobileNetV3,L50_G50,2,tralo,results/headroom/headroom_b30_lrc0.0001_noceskip/lane1/MobileNetV3/dermmnist/L50_G50/tralo/seed_2,16,29.0,,,,2.0,10,0.05,0.003582,140.0,86.0,74.0,194.07,83.39,-2.6099999999999994,0.05,0.9989,0.826
dermmnist,MobileNetV3,L50_G50,4,fioretto_ldf,results/headroom/headroom_b30_lrc0.0001_noceskip/lane1/MobileNetV3/dermmnist/L50_G50/fioretto_ldf/seed_4,21,21.0,125.0,0.0,0.0,17.0,5,5.856017,,,,,,,,,,
dermmnist,MobileNetV3,L50_G50,3,fioretto_ldf,results/headroom/headroom_b30_lrc0.0001_noceskip/lane1/MobileNetV3/dermmnist/L50_G50/fioretto_ldf/seed_3,20,20.0,313.0,0.0,0.0,16.0,5,6.142482,,,,,,,,,,
dermmnist,MobileNetV3,L50_G50,1,fioretto_ldf,results/headroom/headroom_b30_lrc0.0001_noceskip/lane1/MobileNetV3/dermmnist/L50_G50/fioretto_ldf/seed_1,24,24.0,69.0,0.0,0.0,14.0,6,6.152846,,,,,,,,,,
dermmnist,MobileNetV3,L50_G50,2,fioretto_ldf,results/headroom/headroom_b30_lrc0.0001_noceskip/lane1/MobileNetV3/dermmnist/L50_G50/fioretto_ldf/seed_2,29,29.0,57.0,1.0,1.0,,0,4.535734,,,,,,,,,,
tissuemnist,MobileNetV3,L50_G50,4,hounie_rcl,results/headroom/headroom_b30_lrc0.0001_noceskip/lane1/MobileNetV3/tissuemnist/L50_G50/hounie_rcl/seed_4,29,29.0,0.0,146.0,0.0,1.0,4,,0.016209,,,,,,,,,
tissuemnist,MobileNetV3,L50_G50,3,hounie_rcl,results/headroom/headroom_b30_lrc0.0001_noceskip/lane1/MobileNetV3/tissuemnist/L50_G50/hounie_rcl/seed_3,29,29.0,0.0,108.0,0.0,1.0,6,,0.019911,,,,,,,,,
tissuemnist,MobileNetV3,L50_G50,1,hounie_rcl,results/headroom/headroom_b30_lrc0.0001_noceskip/lane1/MobileNetV3/tissuemnist/L50_G50/hounie_rcl/seed_1,29,29.0,0.0,226.0,0.0,1.0,1,,0.026585,,,,,,,,,
tissuemnist,MobileNetV3,L50_G50,2,hounie_rcl,results/headroom/headroom_b30_lrc0.0001_noceskip/lane1/MobileNetV3/tissuemnist/L50_G50/hounie_rcl/seed_2,29,29.0,336.0,72.0,2.0,,0,,0.022031,,,,,,,,,
tissuemnist,MobileNetV3,L50_G50,4,tralo,results/headroom/headroom_b30_lrc0.0001_noceskip/lane1/MobileNetV3/tissuemnist/L50_G50/tralo/seed_4,9,29.0,,,,1.0,5,0.05,0.018242,25.0,103.0,25.0,159.77,111.44,8.439999999999998,0.05,0.9942,0.5954
tissuemnist,MobileNetV3,L50_G50,3,tralo,results/headroom/headroom_b30_lrc0.0001_noceskip/lane1/MobileNetV3/tissuemnist/L50_G50/tralo/seed_3,4,4.0,,,,1.0,4,0.05,0.577662,76.0,50.0,50.0,168.82,98.0,48.0,0.05,0.7893,0.5982
tissuemnist,MobileNetV3,L50_G50,1,tralo,results/headroom/headroom_b30_lrc0.0001_noceskip/lane1/MobileNetV3/tissuemnist/L50_G50/tralo/seed_1,7,29.0,,,,1.0,2,0.05,0.01362,35.0,102.0,35.0,196.14,106.41,4.409999999999997,0.05,0.9958,0.5869
tissuemnist,MobileNetV3,L50_G50,2,tralo,results/headroom/headroom_b30_lrc0.0001_noceskip/lane1/MobileNetV3/tissuemnist/L50_G50/tralo/seed_2,8,29.0,,,,4.0,2,0.06,0.020682,254.0,95.0,58.0,329.39,97.96,2.9599999999999937,0.06,0.9926,0.588
tissuemnist,MobileNetV3,L50_G50,4,fioretto_ldf,results/headroom/headroom_b30_lrc0.0001_noceskip/lane1/MobileNetV3/tissuemnist/L50_G50/fioretto_ldf/seed_4,29,29.0,0.0,214.0,0.0,1.0,5,11.050336,0.032918,,,,,,,,,
tissuemnist,MobileNetV3,L50_G50,3,fioretto_ldf,results/headroom/headroom_b30_lrc0.0001_noceskip/lane1/MobileNetV3/tissuemnist/L50_G50/fioretto_ldf/seed_3,29,29.0,0.0,132.0,0.0,1.0,5,11.184887,0.02178,,,,,,,,,
tissuemnist,MobileNetV3,L50_G50,1,fioretto_ldf,results/headroom/headroom_b30_lrc0.0001_noceskip/lane1/MobileNetV3/tissuemnist/L50_G50/fioretto_ldf/seed_1,29,29.0,0.0,46.0,0.0,1.0,1,12.972226,,,,,,,,,,
tissuemnist,MobileNetV3,L50_G50,2,fioretto_ldf,results/headroom/headroom_b30_lrc0.0001_noceskip/lane1/MobileNetV3/tissuemnist/L50_G50/fioretto_ldf/seed_2,29,29.0,336.0,28.0,0.0,11.0,2,16.706546,0.022989,,,,,,,,,
octmnist,MobileNetV3,L50_G50,4,hounie_rcl,results/headroom/headroom_b30_lrc0.0001_noceskip/lane1/MobileNetV3/octmnist/L50_G50/hounie_rcl/seed_4,29,29.0,12.0,0.0,0.0,8.0,4,,,,,,,,,,,
octmnist,MobileNetV3,L50_G50,3,hounie_rcl,results/headroom/headroom_b30_lrc0.0001_noceskip/lane1/MobileNetV3/octmnist/L50_G50/hounie_rcl/seed_3,29,29.0,222.0,0.0,0.0,11.0,4,,,,,,,,,,,
octmnist,MobileNetV3,L50_G50,1,hounie_rcl,results/headroom/headroom_b30_lrc0.0001_noceskip/lane1/MobileNetV3/octmnist/L50_G50/hounie_rcl/seed_1,29,29.0,236.0,144.0,0.0,2.0,3,,,,,,,,,,,
octmnist,MobileNetV3,L50_G50,2,hounie_rcl,results/headroom/headroom_b30_lrc0.0001_noceskip/lane1/MobileNetV3/octmnist/L50_G50/hounie_rcl/seed_2,29,29.0,6.0,60.0,0.0,2.0,2,,0.00936,,,,,,,,,
octmnist,MobileNetV3,L50_G50,4,tralo,results/headroom/headroom_b30_lrc0.0001_noceskip/lane1/MobileNetV3/octmnist/L50_G50/tralo/seed_4,9,29.0,,,,4.0,3,0.06,0.016336,131.0,168.0,76.0,148.23,169.97,1.9699999999999989,0.06,0.9939,0.8363
octmnist,MobileNetV3,L50_G50,3,tralo,results/headroom/headroom_b30_lrc0.0001_noceskip/lane1/MobileNetV3/octmnist/L50_G50/tralo/seed_3,11,29.0,,,,7.0,5,0.06,0.00991,236.0,143.0,107.0,209.42,137.74,-5.259999999999991,0.06,0.9962,0.8393
octmnist,MobileNetV3,L50_G50,1,tralo,results/headroom/headroom_b30_lrc0.0001_noceskip/lane1/MobileNetV3/octmnist/L50_G50/tralo/seed_1,11,29.0,,,,2.0,5,0.05,0.029405,243.0,120.0,53.0,208.91,123.07,3.069999999999993,0.05,0.9902,0.8354
octmnist,MobileNetV3,L50_G50,2,tralo,results/headroom/headroom_b30_lrc0.0001_noceskip/lane1/MobileNetV3/octmnist/L50_G50/tralo/seed_2,12,29.0,,,,1.0,9,0.05,0.013689,105.0,163.0,47.0,151.14,163.92,0.9199999999999875,0.05,0.9951,0.8377
octmnist,MobileNetV3,L50_G50,4,fioretto_ldf,results/headroom/headroom_b30_lrc0.0001_noceskip/lane1/MobileNetV3/octmnist/L50_G50/fioretto_ldf/seed_4,29,29.0,12.0,0.0,0.0,5.0,7,5.633906,,,,,,,,,,
octmnist,MobileNetV3,L50_G50,3,fioretto_ldf,results/headroom/headroom_b30_lrc0.0001_noceskip/lane1/MobileNetV3/octmnist/L50_G50/fioretto_ldf/seed_3,29,29.0,222.0,88.0,0.0,26.0,1,5.907403,0.015958,,,,,,,,,
octmnist,MobileNetV3,L50_G50,1,fioretto_ldf,results/headroom/headroom_b30_lrc0.0001_noceskip/lane1/MobileNetV3/octmnist/L50_G50/fioretto_ldf/seed_1,29,29.0,236.0,120.0,0.0,2.0,6,5.422317,0.009297,,,,,,,,,
octmnist,MobileNetV3,L50_G50,2,fioretto_ldf,results/headroom/headroom_b30_lrc0.0001_noceskip/lane1/MobileNetV3/octmnist/L50_G50/fioretto_ldf/seed_2,29,29.0,6.0,0.0,0.0,2.0,11,4.564279,,,,,,,,,,
dermmnist,RegNetY400MF,L30_G30,4,hounie_rcl,results/headroom/headroom_b30_lrc0.0001_noceskip/lane2/RegNetY400MF/dermmnist/L30_G30/hounie_rcl/seed_4,26,26.0,222.0,0.0,0.0,22.0,5,,,,,,,,,,,
dermmnist,RegNetY400MF,L30_G30,3,hounie_rcl,results/headroom/headroom_b30_lrc0.0001_noceskip/lane2/RegNetY400MF/dermmnist/L30_G30/hounie_rcl/seed_3,21,21.0,480.0,0.0,0.0,17.0,5,,,,,,,,,,,
dermmnist,RegNetY400MF,L30_G30,1,hounie_rcl,results/headroom/headroom_b30_lrc0.0001_noceskip/lane2/RegNetY400MF/dermmnist/L30_G30/hounie_rcl/seed_1,29,29.0,310.0,0.0,0.0,27.0,3,,,,,,,,,,,
dermmnist,RegNetY400MF,L30_G30,2,hounie_rcl,results/headroom/headroom_b30_lrc0.0001_noceskip/lane2/RegNetY400MF/dermmnist/L30_G30/hounie_rcl/seed_2,25,25.0,210.0,0.0,0.0,21.0,5,,,,,,,,,,,
dermmnist,RegNetY400MF,L30_G30,4,tralo,results/headroom/headroom_b30_lrc0.0001_noceskip/lane2/RegNetY400MF/dermmnist/L30_G30/tralo/seed_4,7,29.0,,,,,0,0.11,0.015794,178.0,90.0,90.0,224.14,91.46,1.4599999999999937,0.11,0.9958,0.8442
dermmnist,RegNetY400MF,L30_G30,3,tralo,results/headroom/headroom_b30_lrc0.0001_noceskip/lane2/RegNetY400MF/dermmnist/L30_G30/tralo/seed_3,7,29.0,,,,,0,0.11,0.010555,307.0,187.0,143.0,315.23,189.88,2.8799999999999955,0.11,0.9971,0.833
dermmnist,RegNetY400MF,L30_G30,1,tralo,results/headroom/headroom_b30_lrc0.0001_noceskip/lane2/RegNetY400MF/dermmnist/L30_G30/tralo/seed_1,7,29.0,,,,,0,0.11,0.004035,222.0,151.0,151.0,262.32,156.51,5.509999999999991,0.11,0.999,0.8372
dermmnist,RegNetY400MF,L30_G30,2,tralo,results/headroom/headroom_b30_lrc0.0001_noceskip/lane2/RegNetY400MF/dermmnist/L30_G30/tralo/seed_2,7,29.0,,,,,0,0.11,0.007726,172.0,193.0,152.0,225.1,199.7,6.699999999999989,0.11,0.998,0.826
dermmnist,RegNetY400MF,L30_G30,4,fioretto_ldf,results/headroom/headroom_b30_lrc0.0001_noceskip/lane2/RegNetY400MF/dermmnist/L30_G30/fioretto_ldf/seed_4,29,29.0,222.0,2.0,2.0,,0,8.068637,,,,,,,,,,
dermmnist,RegNetY400MF,L30_G30,3,fioretto_ldf,results/headroom/headroom_b30_lrc0.0001_noceskip/lane2/RegNetY400MF/dermmnist/L30_G30/fioretto_ldf/seed_3,20,20.0,480.0,0.0,0.0,16.0,5,9.420796,,,,,,,,,,
dermmnist,RegNetY400MF,L30_G30,1,fioretto_ldf,results/headroom/headroom_b30_lrc0.0001_noceskip/lane2/RegNetY400MF/dermmnist/L30_G30/fioretto_ldf/seed_1,21,21.0,310.0,0.0,0.0,17.0,5,9.217104,,,,,,,,,,
dermmnist,RegNetY400MF,L30_G30,2,fioretto_ldf,results/headroom/headroom_b30_lrc0.0001_noceskip/lane2/RegNetY400MF/dermmnist/L30_G30/fioretto_ldf/seed_2,19,19.0,210.0,0.0,0.0,15.0,5,7.436964,,,,,,,,,,
tissuemnist,RegNetY400MF,L30_G30,4,hounie_rcl,results/headroom/headroom_b30_lrc0.0001_noceskip/lane2/RegNetY400MF/tissuemnist/L30_G30/hounie_rcl/seed_4,29,29.0,328.0,182.0,108.0,,0,,0.031491,,,,,,,,,
tissuemnist,RegNetY400MF,L30_G30,3,hounie_rcl,results/headroom/headroom_b30_lrc0.0001_noceskip/lane2/RegNetY400MF/tissuemnist/L30_G30/hounie_rcl/seed_3,29,29.0,214.0,210.0,70.0,,0,,0.036393,,,,,,,,,
tissuemnist,RegNetY400MF,L30_G30,1,hounie_rcl,results/headroom/headroom_b30_lrc0.0001_noceskip/lane2/RegNetY400MF/tissuemnist/L30_G30/hounie_rcl/seed_1,29,29.0,188.0,140.0,104.0,,0,,0.023212,,,,,,,,,
tissuemnist,RegNetY400MF,L30_G30,2,hounie_rcl,results/headroom/headroom_b30_lrc0.0001_noceskip/lane2/RegNetY400MF/tissuemnist/L30_G30/hounie_rcl/seed_2,29,29.0,316.0,226.0,100.0,,0,,0.02962,,,,,,,,,
tissuemnist,RegNetY400MF,L30_G30,4,tralo,results/headroom/headroom_b30_lrc0.0001_noceskip/lane2/RegNetY400MF/tissuemnist/L30_G30/tralo/seed_4,7,29.0,,,,,0,0.11,0.045378,215.0,194.0,171.0,196.03,195.66,1.6599999999999966,0.11,0.9854,0.6085
tissuemnist,RegNetY400MF,L30_G30,3,tralo,results/headroom/headroom_b30_lrc0.0001_noceskip/lane2/RegNetY400MF/tissuemnist/L30_G30/tralo/seed_3,7,29.0,,,,,0,0.11,0.034039,158.0,176.0,140.0,179.78,177.96,1.960000000000008,0.11,0.9889,0.5814
tissuemnist,RegNetY400MF,L30_G30,1,tralo,results/headroom/headroom_b30_lrc0.0001_noceskip/lane2/RegNetY400MF/tissuemnist/L30_G30/tralo/seed_1,7,29.0,,,,,0,0.11,0.038481,145.0,128.0,128.0,173.72,136.22,8.219999999999999,0.11,0.9878,0.5881
tissuemnist,RegNetY400MF,L30_G30,2,tralo,results/headroom/headroom_b30_lrc0.0001_noceskip/lane2/RegNetY400MF/tissuemnist/L30_G30/tralo/seed_2,7,29.0,,,,,0,0.11,0.040804,209.0,316.0,123.0,199.18,310.51,-5.490000000000009,0.11,0.9861,0.5672
tissuemnist,RegNetY400MF,L30_G30,4,fioretto_ldf,results/headroom/headroom_b30_lrc0.0001_noceskip/lane2/RegNetY400MF/tissuemnist/L30_G30/fioretto_ldf/seed_4,29,29.0,328.0,442.0,112.0,,0,20.499089,0.02624,,,,,,,,,
tissuemnist,RegNetY400MF,L30_G30,3,fioretto_ldf,results/headroom/headroom_b30_lrc0.0001_noceskip/lane2/RegNetY400MF/tissuemnist/L30_G30/fioretto_ldf/seed_3,29,29.0,214.0,206.0,54.0,,0,18.468748,0.038038,,,,,,,,,
tissuemnist,RegNetY400MF,L30_G30,1,fioretto_ldf,results/headroom/headroom_b30_lrc0.0001_noceskip/lane2/RegNetY400MF/tissuemnist/L30_G30/fioretto_ldf/seed_1,29,29.0,188.0,262.0,46.0,,0,21.250313,0.033934,,,,,,,,,
tissuemnist,RegNetY400MF,L30_G30,2,fioretto_ldf,results/headroom/headroom_b30_lrc0.0001_noceskip/lane2/RegNetY400MF/tissuemnist/L30_G30/fioretto_ldf/seed_2,29,29.0,316.0,238.0,100.0,,0,18.932156,0.043934,,,,,,,,,
octmnist,RegNetY400MF,L30_G30,4,hounie_rcl,results/headroom/headroom_b30_lrc0.0001_noceskip/lane2/RegNetY400MF/octmnist/L30_G30/hounie_rcl/seed_4,29,29.0,225.0,73.0,67.0,,0,,0.022512,,,,,,,,,
octmnist,RegNetY400MF,L30_G30,3,hounie_rcl,results/headroom/headroom_b30_lrc0.0001_noceskip/lane2/RegNetY400MF/octmnist/L30_G30/hounie_rcl/seed_3,29,29.0,281.0,63.0,63.0,,0,,,,,,,,,,,
octmnist,RegNetY400MF,L30_G30,1,hounie_rcl,results/headroom/headroom_b30_lrc0.0001_noceskip/lane2/RegNetY400MF/octmnist/L30_G30/hounie_rcl/seed_1,29,29.0,133.0,163.0,63.0,,0,,0.01766,,,,,,,,,
octmnist,RegNetY400MF,L30_G30,2,hounie_rcl,results/headroom/headroom_b30_lrc0.0001_noceskip/lane2/RegNetY400MF/octmnist/L30_G30/hounie_rcl/seed_2,29,29.0,215.0,237.0,65.0,,0,,,,,,,,,,,
octmnist,RegNetY400MF,L30_G30,4,tralo,results/headroom/headroom_b30_lrc0.0001_noceskip/lane2/RegNetY400MF/octmnist/L30_G30/tralo/seed_4,7,29.0,,,,,0,0.11,0.023351,188.0,200.0,93.0,198.73,201.69,1.6899999999999977,0.11,0.992,0.823
octmnist,RegNetY400MF,L30_G30,3,tralo,results/headroom/headroom_b30_lrc0.0001_noceskip/lane2/RegNetY400MF/octmnist/L30_G30/tralo/seed_3,7,29.0,,,,,0,0.11,0.022022,216.0,142.0,126.0,216.11,145.32,3.319999999999993,0.11,0.9922,0.8063
octmnist,RegNetY400MF,L30_G30,1,tralo,results/headroom/headroom_b30_lrc0.0001_noceskip/lane2/RegNetY400MF/octmnist/L30_G30/tralo/seed_1,7,29.0,,,,,0,0.11,0.020307,142.0,159.0,140.0,150.92,166.75,7.75,0.11,0.9935,0.8193
octmnist,RegNetY400MF,L30_G30,2,tralo,results/headroom/headroom_b30_lrc0.0001_noceskip/lane2/RegNetY400MF/octmnist/L30_G30/tralo/seed_2,7,29.0,,,,,0,0.11,0.020363,183.0,146.0,129.0,195.96,147.68,1.6800000000000068,0.11,0.9929,0.8204
octmnist,RegNetY400MF,L30_G30,4,fioretto_ldf,results/headroom/headroom_b30_lrc0.0001_noceskip/lane2/RegNetY400MF/octmnist/L30_G30/fioretto_ldf/seed_4,29,29.0,225.0,187.0,103.0,,0,13.515015,0.014206,,,,,,,,,
octmnist,RegNetY400MF,L30_G30,3,fioretto_ldf,results/headroom/headroom_b30_lrc0.0001_noceskip/lane2/RegNetY400MF/octmnist/L30_G30/fioretto_ldf/seed_3,29,29.0,281.0,235.0,61.0,,0,14.73422,0.016873,,,,,,,,,
octmnist,RegNetY400MF,L30_G30,1,fioretto_ldf,results/headroom/headroom_b30_lrc0.0001_noceskip/lane2/RegNetY400MF/octmnist/L30_G30/fioretto_ldf/seed_1,29,29.0,133.0,255.0,99.0,,0,15.7655,0.019601,,,,,,,,,
octmnist,RegNetY400MF,L30_G30,2,fioretto_ldf,results/headroom/headroom_b30_lrc0.0001_noceskip/lane2/RegNetY400MF/octmnist/L30_G30/fioretto_ldf/seed_2,29,29.0,215.0,0.0,0.0,29.0,1,12.276099,,,,,,,,,,
dermmnist,RegNetY400MF,L50_G50,4,hounie_rcl,results/headroom/headroom_b30_lrc0.0001_noceskip/lane3/RegNetY400MF/dermmnist/L50_G50/hounie_rcl/seed_4,26,26.0,133.0,0.0,0.0,22.0,5,,,,,,,,,,,
dermmnist,RegNetY400MF,L50_G50,3,hounie_rcl,results/headroom/headroom_b30_lrc0.0001_noceskip/lane3/RegNetY400MF/dermmnist/L50_G50/hounie_rcl/seed_3,26,26.0,391.0,0.0,0.0,22.0,5,,,,,,,,,,,
dermmnist,RegNetY400MF,L50_G50,1,hounie_rcl,results/headroom/headroom_b30_lrc0.0001_noceskip/lane3/RegNetY400MF/dermmnist/L50_G50/hounie_rcl/seed_1,24,24.0,221.0,0.0,0.0,20.0,5,,,,,,,,,,,
dermmnist,RegNetY400MF,L50_G50,2,hounie_rcl,results/headroom/headroom_b30_lrc0.0001_noceskip/lane3/RegNetY400MF/dermmnist/L50_G50/hounie_rcl/seed_2,29,29.0,121.0,0.0,0.0,25.0,5,,,,,,,,,,,
dermmnist,RegNetY400MF,L50_G50,4,tralo,results/headroom/headroom_b30_lrc0.0001_noceskip/lane3/RegNetY400MF/dermmnist/L50_G50/tralo/seed_4,7,29.0,,,,,0,0.11,0.010219,178.0,156.0,135.0,224.14,161.22,5.219999999999999,0.11,0.9974,0.8442
dermmnist,RegNetY400MF,L50_G50,3,tralo,results/headroom/headroom_b30_lrc0.0001_noceskip/lane3/RegNetY400MF/dermmnist/L50_G50/tralo/seed_3,7,29.0,,,,,0,0.11,0.004565,307.0,257.0,165.0,315.23,256.62,-0.37999999999999545,0.11,0.9988,0.833
dermmnist,RegNetY400MF,L50_G50,1,tralo,results/headroom/headroom_b30_lrc0.0001_noceskip/lane3/RegNetY400MF/dermmnist/L50_G50/tralo/seed_1,7,29.0,,,,,0,0.11,0.009108,222.0,138.0,138.0,262.32,138.3,0.30000000000001137,0.11,0.9975,0.8372
dermmnist,RegNetY400MF,L50_G50,2,tralo,results/headroom/headroom_b30_lrc0.0001_noceskip/lane3/RegNetY400MF/dermmnist/L50_G50/tralo/seed_2,7,29.0,,,,,0,0.11,0.016269,172.0,204.0,132.0,225.1,212.03,8.030000000000001,0.11,0.9946,0.826
dermmnist,RegNetY400MF,L50_G50,4,fioretto_ldf,results/headroom/headroom_b30_lrc0.0001_noceskip/lane3/RegNetY400MF/dermmnist/L50_G50/fioretto_ldf/seed_4,19,19.0,133.0,0.0,0.0,15.0,5,4.862887,,,,,,,,,,
dermmnist,RegNetY400MF,L50_G50,3,fioretto_ldf,results/headroom/headroom_b30_lrc0.0001_noceskip/lane3/RegNetY400MF/dermmnist/L50_G50/fioretto_ldf/seed_3,21,21.0,391.0,0.0,0.0,17.0,5,6.6591,,,,,,,,,,
dermmnist,RegNetY400MF,L50_G50,1,fioretto_ldf,results/headroom/headroom_b30_lrc0.0001_noceskip/lane3/RegNetY400MF/dermmnist/L50_G50/fioretto_ldf/seed_1,20,20.0,221.0,0.0,0.0,16.0,5,6.337145,,,,,,,,,,
dermmnist,RegNetY400MF,L50_G50,2,fioretto_ldf,results/headroom/headroom_b30_lrc0.0001_noceskip/lane3/RegNetY400MF/dermmnist/L50_G50/fioretto_ldf/seed_2,22,22.0,121.0,0.0,0.0,18.0,5,5.997639,,,,,,,,,,
tissuemnist,RegNetY400MF,L50_G50,4,hounie_rcl,results/headroom/headroom_b30_lrc0.0001_noceskip/lane3/RegNetY400MF/tissuemnist/L50_G50/hounie_rcl/seed_4,29,29.0,258.0,58.0,32.0,,0,,0.027941,,,,,,,,,
tissuemnist,RegNetY400MF,L50_G50,3,hounie_rcl,results/headroom/headroom_b30_lrc0.0001_noceskip/lane3/RegNetY400MF/tissuemnist/L50_G50/hounie_rcl/seed_3,29,29.0,144.0,266.0,14.0,,0,,0.047957,,,,,,,,,
tissuemnist,RegNetY400MF,L50_G50,1,hounie_rcl,results/headroom/headroom_b30_lrc0.0001_noceskip/lane3/RegNetY400MF/tissuemnist/L50_G50/hounie_rcl/seed_1,29,29.0,118.0,192.0,3.0,,0,,0.038055,,,,,,,,,
tissuemnist,RegNetY400MF,L50_G50,2,hounie_rcl,results/headroom/headroom_b30_lrc0.0001_noceskip/lane3/RegNetY400MF/tissuemnist/L50_G50/hounie_rcl/seed_2,29,29.0,246.0,286.0,30.0,,0,,0.025739,,,,,,,,,
tissuemnist,RegNetY400MF,L50_G50,4,tralo,results/headroom/headroom_b30_lrc0.0001_noceskip/lane3/RegNetY400MF/tissuemnist/L50_G50/tralo/seed_4,7,29.0,,,,,0,0.11,0.032707,215.0,236.0,136.0,196.03,237.16,1.1599999999999966,0.11,0.9884,0.6085
tissuemnist,RegNetY400MF,L50_G50,3,tralo,results/headroom/headroom_b30_lrc0.0001_noceskip/lane3/RegNetY400MF/tissuemnist/L50_G50/tralo/seed_3,7,29.0,,,,,0,0.11,0.038951,158.0,137.0,104.0,179.78,141.85,4.849999999999994,0.11,0.987,0.5814
tissuemnist,RegNetY400MF,L50_G50,1,tralo,results/headroom/headroom_b30_lrc0.0001_noceskip/lane3/RegNetY400MF/tissuemnist/L50_G50/tralo/seed_1,7,29.0,,,,,0,0.11,0.036044,145.0,206.0,145.0,173.72,208.41,2.4099999999999966,0.11,0.9875,0.5881
tissuemnist,RegNetY400MF,L50_G50,2,tralo,results/headroom/headroom_b30_lrc0.0001_noceskip/lane3/RegNetY400MF/tissuemnist/L50_G50/tralo/seed_2,7,29.0,,,,,0,0.11,0.042677,209.0,249.0,146.0,199.18,248.09,-0.9099999999999966,0.11,0.9864,0.5672
tissuemnist,RegNetY400MF,L50_G50,4,fioretto_ldf,results/headroom/headroom_b30_lrc0.0001_noceskip/lane3/RegNetY400MF/tissuemnist/L50_G50/fioretto_ldf/seed_4,29,29.0,258.0,158.0,42.0,,0,14.240368,0.02796,,,,,,,,,
tissuemnist,RegNetY400MF,L50_G50,3,fioretto_ldf,results/headroom/headroom_b30_lrc0.0001_noceskip/lane3/RegNetY400MF/tissuemnist/L50_G50/fioretto_ldf/seed_3,29,29.0,144.0,398.0,0.0,3.0,1,13.275712,0.04708,,,,,,,,,
tissuemnist,RegNetY400MF,L50_G50,1,fioretto_ldf,results/headroom/headroom_b30_lrc0.0001_noceskip/lane3/RegNetY400MF/tissuemnist/L50_G50/fioretto_ldf/seed_1,29,29.0,118.0,156.0,0.0,5.0,1,15.469774,0.023788,,,,,,,,,
tissuemnist,RegNetY400MF,L50_G50,2,fioretto_ldf,results/headroom/headroom_b30_lrc0.0001_noceskip/lane3/RegNetY400MF/tissuemnist/L50_G50/fioretto_ldf/seed_2,29,29.0,246.0,290.0,30.0,,0,15.134693,0.037579,,,,,,,,,
octmnist,RegNetY400MF,L50_G50,4,hounie_rcl,results/headroom/headroom_b30_lrc0.0001_noceskip/lane3/RegNetY400MF/octmnist/L50_G50/hounie_rcl/seed_4,29,29.0,126.0,9.0,2.0,,0,,0.022195,,,,,,,,,
octmnist,RegNetY400MF,L50_G50,3,hounie_rcl,results/headroom/headroom_b30_lrc0.0001_noceskip/lane3/RegNetY400MF/octmnist/L50_G50/hounie_rcl/seed_3,29,29.0,182.0,158.0,0.0,3.0,2,,0.018624,,,,,,,,,
octmnist,RegNetY400MF,L50_G50,1,hounie_rcl,results/headroom/headroom_b30_lrc0.0001_noceskip/lane3/RegNetY400MF/octmnist/L50_G50/hounie_rcl/seed_1,29,29.0,34.0,114.0,20.0,,0,,0.016883,,,,,,,,,
octmnist,RegNetY400MF,L50_G50,2,hounie_rcl,results/headroom/headroom_b30_lrc0.0001_noceskip/lane3/RegNetY400MF/octmnist/L50_G50/hounie_rcl/seed_2,29,29.0,116.0,76.0,0.0,3.0,5,,0.014896,,,,,,,,,
octmnist,RegNetY400MF,L50_G50,4,tralo,results/headroom/headroom_b30_lrc0.0001_noceskip/lane3/RegNetY400MF/octmnist/L50_G50/tralo/seed_4,9,29.0,,,,7.0,4,0.06,0.017271,188.0,141.0,76.0,198.73,139.56,-1.4399999999999977,0.06,0.9937,0.823
octmnist,RegNetY400MF,L50_G50,3,tralo,results/headroom/headroom_b30_lrc0.0001_noceskip/lane3/RegNetY400MF/octmnist/L50_G50/tralo/seed_3,8,29.0,,,,3.0,1,0.05,0.018497,216.0,148.0,109.0,216.11,152.56,4.560000000000002,0.05,0.9939,0.8063
octmnist,RegNetY400MF,L50_G50,1,tralo,results/headroom/headroom_b30_lrc0.0001_noceskip/lane3/RegNetY400MF/octmnist/L50_G50/tralo/seed_1,8,29.0,,,,15.0,1,0.08,0.011734,142.0,255.0,110.0,150.92,251.94,-3.0600000000000023,0.08,0.9958,0.8193
octmnist,RegNetY400MF,L50_G50,2,tralo,results/headroom/headroom_b30_lrc0.0001_noceskip/lane3/RegNetY400MF/octmnist/L50_G50/tralo/seed_2,9,29.0,,,,6.0,3,0.06,0.023276,183.0,110.0,107.0,195.96,107.48,-2.519999999999996,0.06,0.9928,0.8204
octmnist,RegNetY400MF,L50_G50,4,fioretto_ldf,results/headroom/headroom_b30_lrc0.0001_noceskip/lane3/RegNetY400MF/octmnist/L50_G50/fioretto_ldf/seed_4,29,29.0,126.0,56.0,0.0,15.0,2,6.31548,0.017372,,,,,,,,,
octmnist,RegNetY400MF,L50_G50,3,fioretto_ldf,results/headroom/headroom_b30_lrc0.0001_noceskip/lane3/RegNetY400MF/octmnist/L50_G50/fioretto_ldf/seed_3,29,29.0,182.0,154.0,0.0,3.0,4,6.372962,0.019606,,,,,,,,,
octmnist,RegNetY400MF,L50_G50,1,fioretto_ldf,results/headroom/headroom_b30_lrc0.0001_noceskip/lane3/RegNetY400MF/octmnist/L50_G50/fioretto_ldf/seed_1,29,29.0,34.0,168.0,20.0,,0,8.872518,0.013149,,,,,,,,,
octmnist,RegNetY400MF,L50_G50,2,fioretto_ldf,results/headroom/headroom_b30_lrc0.0001_noceskip/lane3/RegNetY400MF/octmnist/L50_G50/fioretto_ldf/seed_2,29,29.0,116.0,66.0,0.0,26.0,1,5.80123,0.01794,,,,,,,,,
dermmnist,MobileNetV3,L30_G30,4,hounie_rcl,results/headroom/headroom_b30_lrc0.0001_noceskip/lane0/MobileNetV3/dermmnist/L30_G30/hounie_rcl/seed_4,27,27.0,214.0,0.0,0.0,23.0,5,,,,,,,,,,,
dermmnist,MobileNetV3,L30_G30,3,hounie_rcl,results/headroom/headroom_b30_lrc0.0001_noceskip/lane0/MobileNetV3/dermmnist/L30_G30/hounie_rcl/seed_3,22,22.0,402.0,0.0,0.0,18.0,5,,,,,,,,,,,
dermmnist,MobileNetV3,L30_G30,1,hounie_rcl,results/headroom/headroom_b30_lrc0.0001_noceskip/lane0/MobileNetV3/dermmnist/L30_G30/hounie_rcl/seed_1,28,28.0,158.0,0.0,0.0,24.0,5,,,,,,,,,,,
dermmnist,MobileNetV3,L30_G30,2,hounie_rcl,results/headroom/headroom_b30_lrc0.0001_noceskip/lane0/MobileNetV3/dermmnist/L30_G30/hounie_rcl/seed_2,29,29.0,146.0,0.0,0.0,25.0,5,,,,,,,,,,,
dermmnist,MobileNetV3,L30_G30,4,tralo,results/headroom/headroom_b30_lrc0.0001_noceskip/lane0/MobileNetV3/dermmnist/L30_G30/tralo/seed_4,7,29.0,,,,,0,0.11,0.009167,174.0,109.0,72.0,211.61,109.99,0.9899999999999949,0.11,0.9971,0.8191
dermmnist,MobileNetV3,L30_G30,3,tralo,results/headroom/headroom_b30_lrc0.0001_noceskip/lane0/MobileNetV3/dermmnist/L30_G30/tralo/seed_3,8,29.0,,,,12.0,1,0.07,0.013064,268.0,101.0,49.0,285.26,102.15,1.1500000000000057,0.07,0.9956,0.8274
dermmnist,MobileNetV3,L30_G30,1,tralo,results/headroom/headroom_b30_lrc0.0001_noceskip/lane0/MobileNetV3/dermmnist/L30_G30/tralo/seed_1,7,29.0,,,,,0,0.11,0.010808,146.0,95.0,68.0,185.62,92.43,-2.569999999999993,0.11,0.996,0.8255
dermmnist,MobileNetV3,L30_G30,2,tralo,results/headroom/headroom_b30_lrc0.0001_noceskip/lane0/MobileNetV3/dermmnist/L30_G30/tralo/seed_2,8,29.0,,,,5.0,1,0.06,0.007822,140.0,92.0,63.0,194.07,100.96,8.959999999999994,0.06,0.9968,0.826
dermmnist,MobileNetV3,L30_G30,4,fioretto_ldf,results/headroom/headroom_b30_lrc0.0001_noceskip/lane0/MobileNetV3/dermmnist/L30_G30/fioretto_ldf/seed_4,23,23.0,214.0,0.0,0.0,19.0,5,9.962893,,,,,,,,,,
dermmnist,MobileNetV3,L30_G30,3,fioretto_ldf,results/headroom/headroom_b30_lrc0.0001_noceskip/lane0/MobileNetV3/dermmnist/L30_G30/fioretto_ldf/seed_3,22,22.0,402.0,0.0,0.0,18.0,5,10.408058,,,,,,,,,,
dermmnist,MobileNetV3,L30_G30,1,fioretto_ldf,results/headroom/headroom_b30_lrc0.0001_noceskip/lane0/MobileNetV3/dermmnist/L30_G30/fioretto_ldf/seed_1,26,26.0,158.0,0.0,0.0,22.0,5,10.463698,,,,,,,,,,
dermmnist,MobileNetV3,L30_G30,2,fioretto_ldf,results/headroom/headroom_b30_lrc0.0001_noceskip/lane0/MobileNetV3/dermmnist/L30_G30/fioretto_ldf/seed_2,23,23.0,146.0,0.0,0.0,19.0,5,8.564764,,,,,,,,,,
tissuemnist,MobileNetV3,L30_G30,4,hounie_rcl,results/headroom/headroom_b30_lrc0.0001_noceskip/lane0/MobileNetV3/tissuemnist/L30_G30/hounie_rcl/seed_4,29,29.0,0.0,122.0,0.0,1.0,2,,0.032616,,,,,,,,,
tissuemnist,MobileNetV3,L30_G30,3,hounie_rcl,results/headroom/headroom_b30_lrc0.0001_noceskip/lane0/MobileNetV3/tissuemnist/L30_G30/hounie_rcl/seed_3,29,29.0,50.0,168.0,4.0,,0,,0.026111,,,,,,,,,
tissuemnist,MobileNetV3,L30_G30,1,hounie_rcl,results/headroom/headroom_b30_lrc0.0001_noceskip/lane0/MobileNetV3/tissuemnist/L30_G30/hounie_rcl/seed_1,29,29.0,0.0,226.0,0.0,1.0,1,,0.026836,,,,,,,,,
tissuemnist,MobileNetV3,L30_G30,2,hounie_rcl,results/headroom/headroom_b30_lrc0.0001_noceskip/lane0/MobileNetV3/tissuemnist/L30_G30/hounie_rcl/seed_2,29,29.0,406.0,184.0,58.0,,0,,0.024844,,,,,,,,,
tissuemnist,MobileNetV3,L30_G30,4,tralo,results/headroom/headroom_b30_lrc0.0001_noceskip/lane0/MobileNetV3/tissuemnist/L30_G30/tralo/seed_4,8,29.0,,,,1.0,3,0.05,0.014856,25.0,141.0,25.0,159.77,146.23,5.22999999999999,0.05,0.9953,0.5954
tissuemnist,MobileNetV3,L30_G30,3,tralo,results/headroom/headroom_b30_lrc0.0001_noceskip/lane0/MobileNetV3/tissuemnist/L30_G30/tralo/seed_3,9,29.0,,,,8.0,2,0.06,0.02691,76.0,121.0,30.0,168.82,123.71,2.7099999999999937,0.06,0.9914,0.5982
tissuemnist,MobileNetV3,L30_G30,1,tralo,results/headroom/headroom_b30_lrc0.0001_noceskip/lane0/MobileNetV3/tissuemnist/L30_G30/tralo/seed_1,7,29.0,,,,1.0,1,0.05,0.027931,35.0,209.0,35.0,196.14,213.86,4.860000000000014,0.05,0.9905,0.5869
tissuemnist,MobileNetV3,L30_G30,2,tralo,results/headroom/headroom_b30_lrc0.0001_noceskip/lane0/MobileNetV3/tissuemnist/L30_G30/tralo/seed_2,7,29.0,,,,,0,0.11,0.032971,254.0,107.0,84.0,329.39,105.8,-1.2000000000000028,0.11,0.9893,0.588
tissuemnist,MobileNetV3,L30_G30,4,fioretto_ldf,results/headroom/headroom_b30_lrc0.0001_noceskip/lane0/MobileNetV3/tissuemnist/L30_G30/fioretto_ldf/seed_4,29,29.0,0.0,280.0,0.0,1.0,3,15.939243,0.04709,,,,,,,,,
tissuemnist,MobileNetV3,L30_G30,3,fioretto_ldf,results/headroom/headroom_b30_lrc0.0001_noceskip/lane0/MobileNetV3/tissuemnist/L30_G30/fioretto_ldf/seed_3,29,29.0,50.0,44.0,0.0,24.0,1,15.221057,0.019214,,,,,,,,,
tissuemnist,MobileNetV3,L30_G30,1,fioretto_ldf,results/headroom/headroom_b30_lrc0.0001_noceskip/lane0/MobileNetV3/tissuemnist/L30_G30/fioretto_ldf/seed_1,29,29.0,0.0,186.0,0.0,1.0,1,16.668755,0.025781,,,,,,,,,
tissuemnist,MobileNetV3,L30_G30,2,fioretto_ldf,results/headroom/headroom_b30_lrc0.0001_noceskip/lane0/MobileNetV3/tissuemnist/L30_G30/fioretto_ldf/seed_2,29,29.0,406.0,260.0,9.0,,0,20.279484,0.035172,,,,,,,,,
octmnist,MobileNetV3,L30_G30,4,hounie_rcl,results/headroom/headroom_b30_lrc0.0001_noceskip/lane0/MobileNetV3/octmnist/L30_G30/hounie_rcl/seed_4,29,29.0,111.0,139.0,41.0,,0,,,,,,,,,,,
octmnist,MobileNetV3,L30_G30,3,hounie_rcl,results/headroom/headroom_b30_lrc0.0001_noceskip/lane0/MobileNetV3/octmnist/L30_G30/hounie_rcl/seed_3,29,29.0,321.0,209.0,33.0,,0,,0.012929,,,,,,,,,
octmnist,MobileNetV3,L30_G30,1,hounie_rcl,results/headroom/headroom_b30_lrc0.0001_noceskip/lane0/MobileNetV3/octmnist/L30_G30/hounie_rcl/seed_1,29,29.0,335.0,207.0,5.0,,0,,,,,,,,,,,
octmnist,MobileNetV3,L30_G30,2,hounie_rcl,results/headroom/headroom_b30_lrc0.0001_noceskip/lane0/MobileNetV3/octmnist/L30_G30/hounie_rcl/seed_2,29,29.0,59.0,123.0,15.0,,0,,,,,,,,,,,
octmnist,MobileNetV3,L30_G30,4,tralo,results/headroom/headroom_b30_lrc0.0001_noceskip/lane0/MobileNetV3/octmnist/L30_G30/tralo/seed_4,7,29.0,,,,,0,0.11,0.022861,131.0,131.0,77.0,148.23,131.86,0.8600000000000136,0.11,0.9928,0.8363
octmnist,MobileNetV3,L30_G30,3,tralo,results/headroom/headroom_b30_lrc0.0001_noceskip/lane0/MobileNetV3/octmnist/L30_G30/tralo/seed_3,7,29.0,,,,,0,0.11,0.016168,236.0,135.0,133.0,209.42,137.95,2.9499999999999886,0.11,0.9945,0.8393
octmnist,MobileNetV3,L30_G30,1,tralo,results/headroom/headroom_b30_lrc0.0001_noceskip/lane0/MobileNetV3/octmnist/L30_G30/tralo/seed_1,8,29.0,,,,2.0,1,0.05,0.019466,243.0,125.0,42.0,208.91,131.46,6.460000000000008,0.05,0.9937,0.8354
octmnist,MobileNetV3,L30_G30,2,tralo,results/headroom/headroom_b30_lrc0.0001_noceskip/lane0/MobileNetV3/octmnist/L30_G30/tralo/seed_2,8,29.0,,,,2.0,1,0.05,0.011245,105.0,213.0,55.0,151.14,211.64,-1.3600000000000136,0.05,0.9957,0.8377
octmnist,MobileNetV3,L30_G30,4,fioretto_ldf,results/headroom/headroom_b30_lrc0.0001_noceskip/lane0/MobileNetV3/octmnist/L30_G30/fioretto_ldf/seed_4,29,29.0,111.0,0.0,0.0,29.0,1,12.819699,,,,,,,,,,
octmnist,MobileNetV3,L30_G30,3,fioretto_ldf,results/headroom/headroom_b30_lrc0.0001_noceskip/lane0/MobileNetV3/octmnist/L30_G30/fioretto_ldf/seed_3,29,29.0,321.0,193.0,53.0,,0,13.152993,0.020758,,,,,,,,,
octmnist,MobileNetV3,L30_G30,1,fioretto_ldf,results/headroom/headroom_b30_lrc0.0001_noceskip/lane0/MobileNetV3/octmnist/L30_G30/fioretto_ldf/seed_1,29,29.0,335.0,93.0,2.0,,0,13.142254,,,,,,,,,,
octmnist,MobileNetV3,L30_G30,2,fioretto_ldf,results/headroom/headroom_b30_lrc0.0001_noceskip/lane0/MobileNetV3/octmnist/L30_G30/fioretto_ldf/seed_2,29,29.0,59.0,0.0,0.0,28.0,2,9.593503,,,,,,,,,,
