dataset,model,cap,method,seed,nrows,max_ep0,ce_skip_in_cfg,path,epochs_run,dense,n_ce_off,ce_off_ep,nan_suffix,frac_ce_off,first_sat,train_acc_max,train_acc_final,tralo_would_gate
dermmnist,MobileNetV3,L30_G30,fioretto_ldf,1,26,25,ABSENT->trainer default True,results/headroom/headroom_b30_lrc0.0001_noceskip/lane0/MobileNetV3/dermmnist/L30_G30/fioretto_ldf/seed_1,26,True,7,20.0,True,0.2692307692307692,22.0,,,
dermmnist,MobileNetV3,L30_G30,fioretto_ldf,2,23,22,ABSENT->trainer default True,results/headroom/headroom_b30_lrc0.0001_noceskip/lane0/MobileNetV3/dermmnist/L30_G30/fioretto_ldf/seed_2,23,True,9,15.0,True,0.391304347826087,19.0,,,
dermmnist,MobileNetV3,L30_G30,fioretto_ldf,3,22,21,ABSENT->trainer default True,results/headroom/headroom_b30_lrc0.0001_noceskip/lane0/MobileNetV3/dermmnist/L30_G30/fioretto_ldf/seed_3,22,True,8,15.0,True,0.36363636363636365,18.0,,,
dermmnist,MobileNetV3,L30_G30,fioretto_ldf,4,23,22,ABSENT->trainer default True,results/headroom/headroom_b30_lrc0.0001_noceskip/lane0/MobileNetV3/dermmnist/L30_G30/fioretto_ldf/seed_4,23,True,7,17.0,True,0.30434782608695654,19.0,,,
dermmnist,MobileNetV3,L30_G30,hounie_rcl,1,28,27,ABSENT->trainer default True,results/headroom/headroom_b30_lrc0.0001_noceskip/lane0/MobileNetV3/dermmnist/L30_G30/hounie_rcl/seed_1,28,True,15,14.0,True,0.5357142857142857,24.0,,,
dermmnist,MobileNetV3,L30_G30,hounie_rcl,2,29,28,ABSENT->trainer default True,results/headroom/headroom_b30_lrc0.0001_noceskip/lane0/MobileNetV3/dermmnist/L30_G30/hounie_rcl/seed_2,29,True,11,19.0,True,0.3793103448275862,25.0,,,
dermmnist,MobileNetV3,L30_G30,hounie_rcl,3,22,21,ABSENT->trainer default True,results/headroom/headroom_b30_lrc0.0001_noceskip/lane0/MobileNetV3/dermmnist/L30_G30/hounie_rcl/seed_3,22,True,12,11.0,True,0.5454545454545454,18.0,,,
dermmnist,MobileNetV3,L30_G30,hounie_rcl,4,27,26,ABSENT->trainer default True,results/headroom/headroom_b30_lrc0.0001_noceskip/lane0/MobileNetV3/dermmnist/L30_G30/hounie_rcl/seed_4,27,True,13,15.0,True,0.48148148148148145,23.0,,,
dermmnist,MobileNetV3,L30_G30,tralo,1,7,30,False,results/headroom/headroom_b30_lrc0.0001_noceskip/lane0/MobileNetV3/dermmnist/L30_G30/tralo/seed_1,30,False,0,,False,0.0,,0.9985,0.996,True
dermmnist,MobileNetV3,L30_G30,tralo,2,8,30,False,results/headroom/headroom_b30_lrc0.0001_noceskip/lane0/MobileNetV3/dermmnist/L30_G30/tralo/seed_2,30,False,0,,False,0.0,6.0,0.9968,0.9968,True
dermmnist,MobileNetV3,L30_G30,tralo,3,8,30,False,results/headroom/headroom_b30_lrc0.0001_noceskip/lane0/MobileNetV3/dermmnist/L30_G30/tralo/seed_3,30,False,0,,False,0.0,13.0,0.9974,0.9956,True
dermmnist,MobileNetV3,L30_G30,tralo,4,7,30,False,results/headroom/headroom_b30_lrc0.0001_noceskip/lane0/MobileNetV3/dermmnist/L30_G30/tralo/seed_4,30,False,0,,False,0.0,,0.9971,0.9971,True
octmnist,MobileNetV3,L30_G30,fioretto_ldf,1,29,28,ABSENT->trainer default True,results/headroom/headroom_b30_lrc0.0001_noceskip/lane0/MobileNetV3/octmnist/L30_G30/fioretto_ldf/seed_1,29,True,1,29.0,True,0.034482758620689655,,,,
octmnist,MobileNetV3,L30_G30,fioretto_ldf,2,29,28,ABSENT->trainer default True,results/headroom/headroom_b30_lrc0.0001_noceskip/lane0/MobileNetV3/octmnist/L30_G30/fioretto_ldf/seed_2,29,True,4,26.0,True,0.13793103448275862,28.0,,,
octmnist,MobileNetV3,L30_G30,fioretto_ldf,3,29,28,ABSENT->trainer default True,results/headroom/headroom_b30_lrc0.0001_noceskip/lane0/MobileNetV3/octmnist/L30_G30/fioretto_ldf/seed_3,29,True,0,,False,0.0,,,,
octmnist,MobileNetV3,L30_G30,fioretto_ldf,4,29,28,ABSENT->trainer default True,results/headroom/headroom_b30_lrc0.0001_noceskip/lane0/MobileNetV3/octmnist/L30_G30/fioretto_ldf/seed_4,29,True,5,25.0,True,0.1724137931034483,29.0,,,
octmnist,MobileNetV3,L30_G30,hounie_rcl,1,29,28,ABSENT->trainer default True,results/headroom/headroom_b30_lrc0.0001_noceskip/lane0/MobileNetV3/octmnist/L30_G30/hounie_rcl/seed_1,29,True,1,29.0,True,0.034482758620689655,,,,
octmnist,MobileNetV3,L30_G30,hounie_rcl,2,29,28,ABSENT->trainer default True,results/headroom/headroom_b30_lrc0.0001_noceskip/lane0/MobileNetV3/octmnist/L30_G30/hounie_rcl/seed_2,29,True,1,29.0,True,0.034482758620689655,,,,
octmnist,MobileNetV3,L30_G30,hounie_rcl,3,29,28,ABSENT->trainer default True,results/headroom/headroom_b30_lrc0.0001_noceskip/lane0/MobileNetV3/octmnist/L30_G30/hounie_rcl/seed_3,29,True,0,,False,0.0,,,,
octmnist,MobileNetV3,L30_G30,hounie_rcl,4,29,28,ABSENT->trainer default True,results/headroom/headroom_b30_lrc0.0001_noceskip/lane0/MobileNetV3/octmnist/L30_G30/hounie_rcl/seed_4,29,True,2,28.0,True,0.06896551724137931,,,,
octmnist,MobileNetV3,L30_G30,tralo,1,8,30,False,results/headroom/headroom_b30_lrc0.0001_noceskip/lane0/MobileNetV3/octmnist/L30_G30/tralo/seed_1,30,False,0,,False,0.0,3.0,0.9944,0.9937,False
octmnist,MobileNetV3,L30_G30,tralo,2,8,30,False,results/headroom/headroom_b30_lrc0.0001_noceskip/lane0/MobileNetV3/octmnist/L30_G30/tralo/seed_2,30,False,0,,False,0.0,3.0,0.9957,0.9957,True
octmnist,MobileNetV3,L30_G30,tralo,3,7,30,False,results/headroom/headroom_b30_lrc0.0001_noceskip/lane0/MobileNetV3/octmnist/L30_G30/tralo/seed_3,30,False,0,,False,0.0,,0.995,0.9945,True
octmnist,MobileNetV3,L30_G30,tralo,4,7,30,False,results/headroom/headroom_b30_lrc0.0001_noceskip/lane0/MobileNetV3/octmnist/L30_G30/tralo/seed_4,30,False,0,,False,0.0,,0.994,0.9928,False
tissuemnist,MobileNetV3,L30_G30,fioretto_ldf,1,29,28,ABSENT->trainer default True,results/headroom/headroom_b30_lrc0.0001_noceskip/lane0/MobileNetV3/tissuemnist/L30_G30/fioretto_ldf/seed_1,29,True,0,,False,0.0,1.0,,,
tissuemnist,MobileNetV3,L30_G30,fioretto_ldf,2,29,28,ABSENT->trainer default True,results/headroom/headroom_b30_lrc0.0001_noceskip/lane0/MobileNetV3/tissuemnist/L30_G30/fioretto_ldf/seed_2,29,True,0,,False,0.0,,,,
tissuemnist,MobileNetV3,L30_G30,fioretto_ldf,3,29,28,ABSENT->trainer default True,results/headroom/headroom_b30_lrc0.0001_noceskip/lane0/MobileNetV3/tissuemnist/L30_G30/fioretto_ldf/seed_3,29,True,0,,False,0.0,24.0,,,
tissuemnist,MobileNetV3,L30_G30,fioretto_ldf,4,29,28,ABSENT->trainer default True,results/headroom/headroom_b30_lrc0.0001_noceskip/lane0/MobileNetV3/tissuemnist/L30_G30/fioretto_ldf/seed_4,29,True,0,,False,0.0,1.0,,,
tissuemnist,MobileNetV3,L30_G30,hounie_rcl,1,29,28,ABSENT->trainer default True,results/headroom/headroom_b30_lrc0.0001_noceskip/lane0/MobileNetV3/tissuemnist/L30_G30/hounie_rcl/seed_1,29,True,0,,False,0.0,1.0,,,
tissuemnist,MobileNetV3,L30_G30,hounie_rcl,2,29,28,ABSENT->trainer default True,results/headroom/headroom_b30_lrc0.0001_noceskip/lane0/MobileNetV3/tissuemnist/L30_G30/hounie_rcl/seed_2,29,True,0,,False,0.0,,,,
tissuemnist,MobileNetV3,L30_G30,hounie_rcl,3,29,28,ABSENT->trainer default True,results/headroom/headroom_b30_lrc0.0001_noceskip/lane0/MobileNetV3/tissuemnist/L30_G30/hounie_rcl/seed_3,29,True,0,,False,0.0,,,,
tissuemnist,MobileNetV3,L30_G30,hounie_rcl,4,29,28,ABSENT->trainer default True,results/headroom/headroom_b30_lrc0.0001_noceskip/lane0/MobileNetV3/tissuemnist/L30_G30/hounie_rcl/seed_4,29,True,0,,False,0.0,1.0,,,
tissuemnist,MobileNetV3,L30_G30,tralo,1,7,30,False,results/headroom/headroom_b30_lrc0.0001_noceskip/lane0/MobileNetV3/tissuemnist/L30_G30/tralo/seed_1,30,False,0,,False,0.0,2.0,0.9905,0.9905,False
tissuemnist,MobileNetV3,L30_G30,tralo,2,7,30,False,results/headroom/headroom_b30_lrc0.0001_noceskip/lane0/MobileNetV3/tissuemnist/L30_G30/tralo/seed_2,30,False,0,,False,0.0,,0.9925,0.9893,False
tissuemnist,MobileNetV3,L30_G30,tralo,3,9,30,False,results/headroom/headroom_b30_lrc0.0001_noceskip/lane0/MobileNetV3/tissuemnist/L30_G30/tralo/seed_3,30,False,0,,False,0.0,9.0,0.9914,0.9914,False
tissuemnist,MobileNetV3,L30_G30,tralo,4,8,30,False,results/headroom/headroom_b30_lrc0.0001_noceskip/lane0/MobileNetV3/tissuemnist/L30_G30/tralo/seed_4,30,False,0,,False,0.0,2.0,0.9953,0.9953,True
dermmnist,MobileNetV3,L50_G50,fioretto_ldf,1,24,23,ABSENT->trainer default True,results/headroom/headroom_b30_lrc0.0001_noceskip/lane1/MobileNetV3/dermmnist/L50_G50/fioretto_ldf/seed_1,24,True,5,20.0,True,0.20833333333333334,14.0,,,
dermmnist,MobileNetV3,L50_G50,fioretto_ldf,2,29,28,ABSENT->trainer default True,results/headroom/headroom_b30_lrc0.0001_noceskip/lane1/MobileNetV3/dermmnist/L50_G50/fioretto_ldf/seed_2,29,True,15,15.0,True,0.5172413793103449,,,,
dermmnist,MobileNetV3,L50_G50,fioretto_ldf,3,20,19,ABSENT->trainer default True,results/headroom/headroom_b30_lrc0.0001_noceskip/lane1/MobileNetV3/dermmnist/L50_G50/fioretto_ldf/seed_3,20,True,6,15.0,True,0.3,16.0,,,
dermmnist,MobileNetV3,L50_G50,fioretto_ldf,4,21,20,ABSENT->trainer default True,results/headroom/headroom_b30_lrc0.0001_noceskip/lane1/MobileNetV3/dermmnist/L50_G50/fioretto_ldf/seed_4,21,True,5,17.0,True,0.23809523809523808,17.0,,,
dermmnist,MobileNetV3,L50_G50,hounie_rcl,1,29,28,ABSENT->trainer default True,results/headroom/headroom_b30_lrc0.0001_noceskip/lane1/MobileNetV3/dermmnist/L50_G50/hounie_rcl/seed_1,29,True,18,12.0,True,0.6206896551724138,27.0,,,
dermmnist,MobileNetV3,L50_G50,hounie_rcl,2,29,28,ABSENT->trainer default True,results/headroom/headroom_b30_lrc0.0001_noceskip/lane1/MobileNetV3/dermmnist/L50_G50/hounie_rcl/seed_2,29,True,7,23.0,True,0.2413793103448276,26.0,,,
dermmnist,MobileNetV3,L50_G50,hounie_rcl,3,25,24,ABSENT->trainer default True,results/headroom/headroom_b30_lrc0.0001_noceskip/lane1/MobileNetV3/dermmnist/L50_G50/hounie_rcl/seed_3,25,True,11,15.0,True,0.44,21.0,,,
dermmnist,MobileNetV3,L50_G50,hounie_rcl,4,28,27,ABSENT->trainer default True,results/headroom/headroom_b30_lrc0.0001_noceskip/lane1/MobileNetV3/dermmnist/L50_G50/hounie_rcl/seed_4,28,True,15,14.0,True,0.5357142857142857,8.0,,,
dermmnist,MobileNetV3,L50_G50,tralo,1,13,30,False,results/headroom/headroom_b30_lrc0.0001_noceskip/lane1/MobileNetV3/dermmnist/L50_G50/tralo/seed_1,30,False,0,,False,0.0,4.0,0.9988,0.9988,True
dermmnist,MobileNetV3,L50_G50,tralo,2,16,30,False,results/headroom/headroom_b30_lrc0.0001_noceskip/lane1/MobileNetV3/dermmnist/L50_G50/tralo/seed_2,30,False,0,,False,0.0,3.0,0.9989,0.9989,True
dermmnist,MobileNetV3,L50_G50,tralo,3,11,30,False,results/headroom/headroom_b30_lrc0.0001_noceskip/lane1/MobileNetV3/dermmnist/L50_G50/tralo/seed_3,30,False,0,,False,0.0,10.0,0.999,0.9951,True
dermmnist,MobileNetV3,L50_G50,tralo,4,14,30,False,results/headroom/headroom_b30_lrc0.0001_noceskip/lane1/MobileNetV3/dermmnist/L50_G50/tralo/seed_4,30,False,0,,False,0.0,4.0,0.9981,0.9979,True
octmnist,MobileNetV3,L50_G50,fioretto_ldf,1,29,28,ABSENT->trainer default True,results/headroom/headroom_b30_lrc0.0001_noceskip/lane1/MobileNetV3/octmnist/L50_G50/fioretto_ldf/seed_1,29,True,0,,False,0.0,2.0,,,
octmnist,MobileNetV3,L50_G50,fioretto_ldf,2,29,28,ABSENT->trainer default True,results/headroom/headroom_b30_lrc0.0001_noceskip/lane1/MobileNetV3/octmnist/L50_G50/fioretto_ldf/seed_2,29,True,4,26.0,True,0.13793103448275862,2.0,,,
octmnist,MobileNetV3,L50_G50,fioretto_ldf,3,29,28,ABSENT->trainer default True,results/headroom/headroom_b30_lrc0.0001_noceskip/lane1/MobileNetV3/octmnist/L50_G50/fioretto_ldf/seed_3,29,True,0,,False,0.0,26.0,,,
octmnist,MobileNetV3,L50_G50,fioretto_ldf,4,29,28,ABSENT->trainer default True,results/headroom/headroom_b30_lrc0.0001_noceskip/lane1/MobileNetV3/octmnist/L50_G50/fioretto_ldf/seed_4,29,True,4,26.0,True,0.13793103448275862,5.0,,,
octmnist,MobileNetV3,L50_G50,hounie_rcl,1,29,28,ABSENT->trainer default True,results/headroom/headroom_b30_lrc0.0001_noceskip/lane1/MobileNetV3/octmnist/L50_G50/hounie_rcl/seed_1,29,True,1,29.0,True,0.034482758620689655,2.0,,,
octmnist,MobileNetV3,L50_G50,hounie_rcl,2,29,28,ABSENT->trainer default True,results/headroom/headroom_b30_lrc0.0001_noceskip/lane1/MobileNetV3/octmnist/L50_G50/hounie_rcl/seed_2,29,True,0,,False,0.0,2.0,,,
octmnist,MobileNetV3,L50_G50,hounie_rcl,3,29,28,ABSENT->trainer default True,results/headroom/headroom_b30_lrc0.0001_noceskip/lane1/MobileNetV3/octmnist/L50_G50/hounie_rcl/seed_3,29,True,4,26.0,True,0.13793103448275862,11.0,,,
octmnist,MobileNetV3,L50_G50,hounie_rcl,4,29,28,ABSENT->trainer default True,results/headroom/headroom_b30_lrc0.0001_noceskip/lane1/MobileNetV3/octmnist/L50_G50/hounie_rcl/seed_4,29,True,7,23.0,True,0.2413793103448276,8.0,,,
octmnist,MobileNetV3,L50_G50,tralo,1,11,30,False,results/headroom/headroom_b30_lrc0.0001_noceskip/lane1/MobileNetV3/octmnist/L50_G50/tralo/seed_1,30,False,0,,False,0.0,3.0,0.9962,0.9902,True
octmnist,MobileNetV3,L50_G50,tralo,2,12,30,False,results/headroom/headroom_b30_lrc0.0001_noceskip/lane1/MobileNetV3/octmnist/L50_G50/tralo/seed_2,30,False,0,,False,0.0,2.0,0.9962,0.9951,True
octmnist,MobileNetV3,L50_G50,tralo,3,11,30,False,results/headroom/headroom_b30_lrc0.0001_noceskip/lane1/MobileNetV3/octmnist/L50_G50/tralo/seed_3,30,False,0,,False,0.0,8.0,0.9962,0.9962,True
octmnist,MobileNetV3,L50_G50,tralo,4,9,30,False,results/headroom/headroom_b30_lrc0.0001_noceskip/lane1/MobileNetV3/octmnist/L50_G50/tralo/seed_4,30,False,0,,False,0.0,5.0,0.9943,0.9939,False
tissuemnist,MobileNetV3,L50_G50,fioretto_ldf,1,29,28,ABSENT->trainer default True,results/headroom/headroom_b30_lrc0.0001_noceskip/lane1/MobileNetV3/tissuemnist/L50_G50/fioretto_ldf/seed_1,29,True,2,28.0,True,0.06896551724137931,1.0,,,
tissuemnist,MobileNetV3,L50_G50,fioretto_ldf,2,29,28,ABSENT->trainer default True,results/headroom/headroom_b30_lrc0.0001_noceskip/lane1/MobileNetV3/tissuemnist/L50_G50/fioretto_ldf/seed_2,29,True,0,,False,0.0,11.0,,,
tissuemnist,MobileNetV3,L50_G50,fioretto_ldf,3,29,28,ABSENT->trainer default True,results/headroom/headroom_b30_lrc0.0001_noceskip/lane1/MobileNetV3/tissuemnist/L50_G50/fioretto_ldf/seed_3,29,True,0,,False,0.0,1.0,,,
tissuemnist,MobileNetV3,L50_G50,fioretto_ldf,4,29,28,ABSENT->trainer default True,results/headroom/headroom_b30_lrc0.0001_noceskip/lane1/MobileNetV3/tissuemnist/L50_G50/fioretto_ldf/seed_4,29,True,0,,False,0.0,1.0,,,
tissuemnist,MobileNetV3,L50_G50,hounie_rcl,1,29,28,ABSENT->trainer default True,results/headroom/headroom_b30_lrc0.0001_noceskip/lane1/MobileNetV3/tissuemnist/L50_G50/hounie_rcl/seed_1,29,True,0,,False,0.0,1.0,,,
tissuemnist,MobileNetV3,L50_G50,hounie_rcl,2,29,28,ABSENT->trainer default True,results/headroom/headroom_b30_lrc0.0001_noceskip/lane1/MobileNetV3/tissuemnist/L50_G50/hounie_rcl/seed_2,29,True,0,,False,0.0,,,,
tissuemnist,MobileNetV3,L50_G50,hounie_rcl,3,29,28,ABSENT->trainer default True,results/headroom/headroom_b30_lrc0.0001_noceskip/lane1/MobileNetV3/tissuemnist/L50_G50/hounie_rcl/seed_3,29,True,0,,False,0.0,1.0,,,
tissuemnist,MobileNetV3,L50_G50,hounie_rcl,4,29,28,ABSENT->trainer default True,results/headroom/headroom_b30_lrc0.0001_noceskip/lane1/MobileNetV3/tissuemnist/L50_G50/hounie_rcl/seed_4,29,True,0,,False,0.0,1.0,,,
tissuemnist,MobileNetV3,L50_G50,tralo,1,7,30,False,results/headroom/headroom_b30_lrc0.0001_noceskip/lane1/MobileNetV3/tissuemnist/L50_G50/tralo/seed_1,30,False,0,,False,0.0,2.0,0.9958,0.9958,True
tissuemnist,MobileNetV3,L50_G50,tralo,2,8,30,False,results/headroom/headroom_b30_lrc0.0001_noceskip/lane1/MobileNetV3/tissuemnist/L50_G50/tralo/seed_2,30,False,0,,False,0.0,5.0,0.9926,0.9926,False
tissuemnist,MobileNetV3,L50_G50,tralo,3,4,5,False,results/headroom/headroom_b30_lrc0.0001_noceskip/lane1/MobileNetV3/tissuemnist/L50_G50/tralo/seed_3,5,False,0,,False,0.0,2.0,0.7893,0.7893,False
tissuemnist,MobileNetV3,L50_G50,tralo,4,9,30,False,results/headroom/headroom_b30_lrc0.0001_noceskip/lane1/MobileNetV3/tissuemnist/L50_G50/tralo/seed_4,30,False,0,,False,0.0,2.0,0.9942,0.9942,False
dermmnist,RegNetY400MF,L30_G30,fioretto_ldf,1,21,20,ABSENT->trainer default True,results/headroom/headroom_b30_lrc0.0001_noceskip/lane2/RegNetY400MF/dermmnist/L30_G30/fioretto_ldf/seed_1,21,True,7,15.0,True,0.3333333333333333,17.0,,,
dermmnist,RegNetY400MF,L30_G30,fioretto_ldf,2,19,18,ABSENT->trainer default True,results/headroom/headroom_b30_lrc0.0001_noceskip/lane2/RegNetY400MF/dermmnist/L30_G30/fioretto_ldf/seed_2,19,True,6,14.0,True,0.3157894736842105,15.0,,,
dermmnist,RegNetY400MF,L30_G30,fioretto_ldf,3,20,19,ABSENT->trainer default True,results/headroom/headroom_b30_lrc0.0001_noceskip/lane2/RegNetY400MF/dermmnist/L30_G30/fioretto_ldf/seed_3,20,True,7,14.0,True,0.35,16.0,,,
dermmnist,RegNetY400MF,L30_G30,fioretto_ldf,4,29,28,ABSENT->trainer default True,results/headroom/headroom_b30_lrc0.0001_noceskip/lane2/RegNetY400MF/dermmnist/L30_G30/fioretto_ldf/seed_4,29,True,16,14.0,True,0.5517241379310345,,,,
dermmnist,RegNetY400MF,L30_G30,hounie_rcl,1,29,28,ABSENT->trainer default True,results/headroom/headroom_b30_lrc0.0001_noceskip/lane2/RegNetY400MF/dermmnist/L30_G30/hounie_rcl/seed_1,29,True,8,22.0,True,0.27586206896551724,27.0,,,
dermmnist,RegNetY400MF,L30_G30,hounie_rcl,2,25,24,ABSENT->trainer default True,results/headroom/headroom_b30_lrc0.0001_noceskip/lane2/RegNetY400MF/dermmnist/L30_G30/hounie_rcl/seed_2,25,True,10,16.0,True,0.4,21.0,,,
dermmnist,RegNetY400MF,L30_G30,hounie_rcl,3,21,20,ABSENT->trainer default True,results/headroom/headroom_b30_lrc0.0001_noceskip/lane2/RegNetY400MF/dermmnist/L30_G30/hounie_rcl/seed_3,21,True,8,14.0,True,0.38095238095238093,17.0,,,
dermmnist,RegNetY400MF,L30_G30,hounie_rcl,4,26,25,ABSENT->trainer default True,results/headroom/headroom_b30_lrc0.0001_noceskip/lane2/RegNetY400MF/dermmnist/L30_G30/hounie_rcl/seed_4,26,True,11,16.0,True,0.4230769230769231,22.0,,,
dermmnist,RegNetY400MF,L30_G30,tralo,1,7,30,False,results/headroom/headroom_b30_lrc0.0001_noceskip/lane2/RegNetY400MF/dermmnist/L30_G30/tralo/seed_1,30,False,0,,False,0.0,,0.999,0.999,True
dermmnist,RegNetY400MF,L30_G30,tralo,2,7,30,False,results/headroom/headroom_b30_lrc0.0001_noceskip/lane2/RegNetY400MF/dermmnist/L30_G30/tralo/seed_2,30,False,0,,False,0.0,,0.998,0.998,True
dermmnist,RegNetY400MF,L30_G30,tralo,3,7,30,False,results/headroom/headroom_b30_lrc0.0001_noceskip/lane2/RegNetY400MF/dermmnist/L30_G30/tralo/seed_3,30,False,0,,False,0.0,,0.9981,0.9971,True
dermmnist,RegNetY400MF,L30_G30,tralo,4,7,30,False,results/headroom/headroom_b30_lrc0.0001_noceskip/lane2/RegNetY400MF/dermmnist/L30_G30/tralo/seed_4,30,False,0,,False,0.0,,0.9974,0.9958,True
octmnist,RegNetY400MF,L30_G30,fioretto_ldf,1,29,28,ABSENT->trainer default True,results/headroom/headroom_b30_lrc0.0001_noceskip/lane2/RegNetY400MF/octmnist/L30_G30/fioretto_ldf/seed_1,29,True,0,,False,0.0,,,,
octmnist,RegNetY400MF,L30_G30,fioretto_ldf,2,29,28,ABSENT->trainer default True,results/headroom/headroom_b30_lrc0.0001_noceskip/lane2/RegNetY400MF/octmnist/L30_G30/fioretto_ldf/seed_2,29,True,3,27.0,True,0.10344827586206896,29.0,,,
octmnist,RegNetY400MF,L30_G30,fioretto_ldf,3,29,28,ABSENT->trainer default True,results/headroom/headroom_b30_lrc0.0001_noceskip/lane2/RegNetY400MF/octmnist/L30_G30/fioretto_ldf/seed_3,29,True,0,,False,0.0,,,,
octmnist,RegNetY400MF,L30_G30,fioretto_ldf,4,29,28,ABSENT->trainer default True,results/headroom/headroom_b30_lrc0.0001_noceskip/lane2/RegNetY400MF/octmnist/L30_G30/fioretto_ldf/seed_4,29,True,0,,False,0.0,,,,
octmnist,RegNetY400MF,L30_G30,hounie_rcl,1,29,28,ABSENT->trainer default True,results/headroom/headroom_b30_lrc0.0001_noceskip/lane2/RegNetY400MF/octmnist/L30_G30/hounie_rcl/seed_1,29,True,0,,False,0.0,,,,
octmnist,RegNetY400MF,L30_G30,hounie_rcl,2,29,28,ABSENT->trainer default True,results/headroom/headroom_b30_lrc0.0001_noceskip/lane2/RegNetY400MF/octmnist/L30_G30/hounie_rcl/seed_2,29,True,1,29.0,True,0.034482758620689655,,,,
octmnist,RegNetY400MF,L30_G30,hounie_rcl,3,29,28,ABSENT->trainer default True,results/headroom/headroom_b30_lrc0.0001_noceskip/lane2/RegNetY400MF/octmnist/L30_G30/hounie_rcl/seed_3,29,True,1,29.0,True,0.034482758620689655,,,,
octmnist,RegNetY400MF,L30_G30,hounie_rcl,4,29,28,ABSENT->trainer default True,results/headroom/headroom_b30_lrc0.0001_noceskip/lane2/RegNetY400MF/octmnist/L30_G30/hounie_rcl/seed_4,29,True,0,,False,0.0,,,,
octmnist,RegNetY400MF,L30_G30,tralo,1,7,30,False,results/headroom/headroom_b30_lrc0.0001_noceskip/lane2/RegNetY400MF/octmnist/L30_G30/tralo/seed_1,30,False,0,,False,0.0,,0.9948,0.9935,False
octmnist,RegNetY400MF,L30_G30,tralo,2,7,30,False,results/headroom/headroom_b30_lrc0.0001_noceskip/lane2/RegNetY400MF/octmnist/L30_G30/tralo/seed_2,30,False,0,,False,0.0,,0.9932,0.9929,False
octmnist,RegNetY400MF,L30_G30,tralo,3,7,30,False,results/headroom/headroom_b30_lrc0.0001_noceskip/lane2/RegNetY400MF/octmnist/L30_G30/tralo/seed_3,30,False,0,,False,0.0,,0.9922,0.9922,False
octmnist,RegNetY400MF,L30_G30,tralo,4,7,30,False,results/headroom/headroom_b30_lrc0.0001_noceskip/lane2/RegNetY400MF/octmnist/L30_G30/tralo/seed_4,30,False,0,,False,0.0,,0.9936,0.992,False
tissuemnist,RegNetY400MF,L30_G30,fioretto_ldf,1,29,28,ABSENT->trainer default True,results/headroom/headroom_b30_lrc0.0001_noceskip/lane2/RegNetY400MF/tissuemnist/L30_G30/fioretto_ldf/seed_1,29,True,0,,False,0.0,,,,
tissuemnist,RegNetY400MF,L30_G30,fioretto_ldf,2,29,28,ABSENT->trainer default True,results/headroom/headroom_b30_lrc0.0001_noceskip/lane2/RegNetY400MF/tissuemnist/L30_G30/fioretto_ldf/seed_2,29,True,0,,False,0.0,,,,
tissuemnist,RegNetY400MF,L30_G30,fioretto_ldf,3,29,28,ABSENT->trainer default True,results/headroom/headroom_b30_lrc0.0001_noceskip/lane2/RegNetY400MF/tissuemnist/L30_G30/fioretto_ldf/seed_3,29,True,0,,False,0.0,,,,
tissuemnist,RegNetY400MF,L30_G30,fioretto_ldf,4,29,28,ABSENT->trainer default True,results/headroom/headroom_b30_lrc0.0001_noceskip/lane2/RegNetY400MF/tissuemnist/L30_G30/fioretto_ldf/seed_4,29,True,0,,False,0.0,,,,
tissuemnist,RegNetY400MF,L30_G30,hounie_rcl,1,29,28,ABSENT->trainer default True,results/headroom/headroom_b30_lrc0.0001_noceskip/lane2/RegNetY400MF/tissuemnist/L30_G30/hounie_rcl/seed_1,29,True,0,,False,0.0,,,,
tissuemnist,RegNetY400MF,L30_G30,hounie_rcl,2,29,28,ABSENT->trainer default True,results/headroom/headroom_b30_lrc0.0001_noceskip/lane2/RegNetY400MF/tissuemnist/L30_G30/hounie_rcl/seed_2,29,True,0,,False,0.0,,,,
tissuemnist,RegNetY400MF,L30_G30,hounie_rcl,3,29,28,ABSENT->trainer default True,results/headroom/headroom_b30_lrc0.0001_noceskip/lane2/RegNetY400MF/tissuemnist/L30_G30/hounie_rcl/seed_3,29,True,0,,False,0.0,,,,
tissuemnist,RegNetY400MF,L30_G30,hounie_rcl,4,29,28,ABSENT->trainer default True,results/headroom/headroom_b30_lrc0.0001_noceskip/lane2/RegNetY400MF/tissuemnist/L30_G30/hounie_rcl/seed_4,29,True,0,,False,0.0,,,,
tissuemnist,RegNetY400MF,L30_G30,tralo,1,7,30,False,results/headroom/headroom_b30_lrc0.0001_noceskip/lane2/RegNetY400MF/tissuemnist/L30_G30/tralo/seed_1,30,False,0,,False,0.0,,0.9894,0.9878,False
tissuemnist,RegNetY400MF,L30_G30,tralo,2,7,30,False,results/headroom/headroom_b30_lrc0.0001_noceskip/lane2/RegNetY400MF/tissuemnist/L30_G30/tralo/seed_2,30,False,0,,False,0.0,,0.989,0.9861,False
tissuemnist,RegNetY400MF,L30_G30,tralo,3,7,30,False,results/headroom/headroom_b30_lrc0.0001_noceskip/lane2/RegNetY400MF/tissuemnist/L30_G30/tralo/seed_3,30,False,0,,False,0.0,,0.9889,0.9889,False
tissuemnist,RegNetY400MF,L30_G30,tralo,4,7,30,False,results/headroom/headroom_b30_lrc0.0001_noceskip/lane2/RegNetY400MF/tissuemnist/L30_G30/tralo/seed_4,30,False,0,,False,0.0,,0.9925,0.9854,False
dermmnist,RegNetY400MF,L50_G50,fioretto_ldf,1,20,19,ABSENT->trainer default True,results/headroom/headroom_b30_lrc0.0001_noceskip/lane3/RegNetY400MF/dermmnist/L50_G50/fioretto_ldf/seed_1,20,True,6,15.0,True,0.3,16.0,,,
dermmnist,RegNetY400MF,L50_G50,fioretto_ldf,2,22,21,ABSENT->trainer default True,results/headroom/headroom_b30_lrc0.0001_noceskip/lane3/RegNetY400MF/dermmnist/L50_G50/fioretto_ldf/seed_2,22,True,6,17.0,True,0.2727272727272727,18.0,,,
dermmnist,RegNetY400MF,L50_G50,fioretto_ldf,3,21,20,ABSENT->trainer default True,results/headroom/headroom_b30_lrc0.0001_noceskip/lane3/RegNetY400MF/dermmnist/L50_G50/fioretto_ldf/seed_3,21,True,8,14.0,True,0.38095238095238093,17.0,,,
dermmnist,RegNetY400MF,L50_G50,fioretto_ldf,4,19,18,ABSENT->trainer default True,results/headroom/headroom_b30_lrc0.0001_noceskip/lane3/RegNetY400MF/dermmnist/L50_G50/fioretto_ldf/seed_4,19,True,6,14.0,True,0.3157894736842105,15.0,,,
dermmnist,RegNetY400MF,L50_G50,hounie_rcl,1,24,23,ABSENT->trainer default True,results/headroom/headroom_b30_lrc0.0001_noceskip/lane3/RegNetY400MF/dermmnist/L50_G50/hounie_rcl/seed_1,24,True,10,15.0,True,0.4166666666666667,20.0,,,
dermmnist,RegNetY400MF,L50_G50,hounie_rcl,2,29,28,ABSENT->trainer default True,results/headroom/headroom_b30_lrc0.0001_noceskip/lane3/RegNetY400MF/dermmnist/L50_G50/hounie_rcl/seed_2,29,True,11,19.0,True,0.3793103448275862,25.0,,,
dermmnist,RegNetY400MF,L50_G50,hounie_rcl,3,26,25,ABSENT->trainer default True,results/headroom/headroom_b30_lrc0.0001_noceskip/lane3/RegNetY400MF/dermmnist/L50_G50/hounie_rcl/seed_3,26,True,10,17.0,True,0.38461538461538464,22.0,,,
dermmnist,RegNetY400MF,L50_G50,hounie_rcl,4,26,25,ABSENT->trainer default True,results/headroom/headroom_b30_lrc0.0001_noceskip/lane3/RegNetY400MF/dermmnist/L50_G50/hounie_rcl/seed_4,26,True,9,18.0,True,0.34615384615384615,22.0,,,
dermmnist,RegNetY400MF,L50_G50,tralo,1,7,30,False,results/headroom/headroom_b30_lrc0.0001_noceskip/lane3/RegNetY400MF/dermmnist/L50_G50/tralo/seed_1,30,False,0,,False,0.0,,0.9975,0.9975,True
dermmnist,RegNetY400MF,L50_G50,tralo,2,7,30,False,results/headroom/headroom_b30_lrc0.0001_noceskip/lane3/RegNetY400MF/dermmnist/L50_G50/tralo/seed_2,30,False,0,,False,0.0,,0.9979,0.9946,True
dermmnist,RegNetY400MF,L50_G50,tralo,3,7,30,False,results/headroom/headroom_b30_lrc0.0001_noceskip/lane3/RegNetY400MF/dermmnist/L50_G50/tralo/seed_3,30,False,0,,False,0.0,,0.9988,0.9988,True
dermmnist,RegNetY400MF,L50_G50,tralo,4,7,30,False,results/headroom/headroom_b30_lrc0.0001_noceskip/lane3/RegNetY400MF/dermmnist/L50_G50/tralo/seed_4,30,False,0,,False,0.0,,0.9974,0.9974,True
octmnist,RegNetY400MF,L50_G50,fioretto_ldf,1,29,28,ABSENT->trainer default True,results/headroom/headroom_b30_lrc0.0001_noceskip/lane3/RegNetY400MF/octmnist/L50_G50/fioretto_ldf/seed_1,29,True,0,,False,0.0,,,,
octmnist,RegNetY400MF,L50_G50,fioretto_ldf,2,29,28,ABSENT->trainer default True,results/headroom/headroom_b30_lrc0.0001_noceskip/lane3/RegNetY400MF/octmnist/L50_G50/fioretto_ldf/seed_2,29,True,0,,False,0.0,26.0,,,
octmnist,RegNetY400MF,L50_G50,fioretto_ldf,3,29,28,ABSENT->trainer default True,results/headroom/headroom_b30_lrc0.0001_noceskip/lane3/RegNetY400MF/octmnist/L50_G50/fioretto_ldf/seed_3,29,True,0,,False,0.0,3.0,,,
octmnist,RegNetY400MF,L50_G50,fioretto_ldf,4,29,28,ABSENT->trainer default True,results/headroom/headroom_b30_lrc0.0001_noceskip/lane3/RegNetY400MF/octmnist/L50_G50/fioretto_ldf/seed_4,29,True,0,,False,0.0,15.0,,,
octmnist,RegNetY400MF,L50_G50,hounie_rcl,1,29,28,ABSENT->trainer default True,results/headroom/headroom_b30_lrc0.0001_noceskip/lane3/RegNetY400MF/octmnist/L50_G50/hounie_rcl/seed_1,29,True,0,,False,0.0,,,,
octmnist,RegNetY400MF,L50_G50,hounie_rcl,2,29,28,ABSENT->trainer default True,results/headroom/headroom_b30_lrc0.0001_noceskip/lane3/RegNetY400MF/octmnist/L50_G50/hounie_rcl/seed_2,29,True,0,,False,0.0,3.0,,,
octmnist,RegNetY400MF,L50_G50,hounie_rcl,3,29,28,ABSENT->trainer default True,results/headroom/headroom_b30_lrc0.0001_noceskip/lane3/RegNetY400MF/octmnist/L50_G50/hounie_rcl/seed_3,29,True,0,,False,0.0,3.0,,,
octmnist,RegNetY400MF,L50_G50,hounie_rcl,4,29,28,ABSENT->trainer default True,results/headroom/headroom_b30_lrc0.0001_noceskip/lane3/RegNetY400MF/octmnist/L50_G50/hounie_rcl/seed_4,29,True,0,,False,0.0,,,,
octmnist,RegNetY400MF,L50_G50,tralo,1,8,30,False,results/headroom/headroom_b30_lrc0.0001_noceskip/lane3/RegNetY400MF/octmnist/L50_G50/tralo/seed_1,30,False,0,,False,0.0,16.0,0.9958,0.9958,True
octmnist,RegNetY400MF,L50_G50,tralo,2,9,30,False,results/headroom/headroom_b30_lrc0.0001_noceskip/lane3/RegNetY400MF/octmnist/L50_G50/tralo/seed_2,30,False,0,,False,0.0,7.0,0.9941,0.9928,False
octmnist,RegNetY400MF,L50_G50,tralo,3,8,30,False,results/headroom/headroom_b30_lrc0.0001_noceskip/lane3/RegNetY400MF/octmnist/L50_G50/tralo/seed_3,30,False,0,,False,0.0,4.0,0.9939,0.9939,False
octmnist,RegNetY400MF,L50_G50,tralo,4,9,30,False,results/headroom/headroom_b30_lrc0.0001_noceskip/lane3/RegNetY400MF/octmnist/L50_G50/tralo/seed_4,30,False,0,,False,0.0,8.0,0.9937,0.9937,False
tissuemnist,RegNetY400MF,L50_G50,fioretto_ldf,1,29,28,ABSENT->trainer default True,results/headroom/headroom_b30_lrc0.0001_noceskip/lane3/RegNetY400MF/tissuemnist/L50_G50/fioretto_ldf/seed_1,29,True,0,,False,0.0,5.0,,,
tissuemnist,RegNetY400MF,L50_G50,fioretto_ldf,2,29,28,ABSENT->trainer default True,results/headroom/headroom_b30_lrc0.0001_noceskip/lane3/RegNetY400MF/tissuemnist/L50_G50/fioretto_ldf/seed_2,29,True,0,,False,0.0,,,,
tissuemnist,RegNetY400MF,L50_G50,fioretto_ldf,3,29,28,ABSENT->trainer default True,results/headroom/headroom_b30_lrc0.0001_noceskip/lane3/RegNetY400MF/tissuemnist/L50_G50/fioretto_ldf/seed_3,29,True,0,,False,0.0,3.0,,,
tissuemnist,RegNetY400MF,L50_G50,fioretto_ldf,4,29,28,ABSENT->trainer default True,results/headroom/headroom_b30_lrc0.0001_noceskip/lane3/RegNetY400MF/tissuemnist/L50_G50/fioretto_ldf/seed_4,29,True,0,,False,0.0,,,,
tissuemnist,RegNetY400MF,L50_G50,hounie_rcl,1,29,28,ABSENT->trainer default True,results/headroom/headroom_b30_lrc0.0001_noceskip/lane3/RegNetY400MF/tissuemnist/L50_G50/hounie_rcl/seed_1,29,True,0,,False,0.0,,,,
tissuemnist,RegNetY400MF,L50_G50,hounie_rcl,2,29,28,ABSENT->trainer default True,results/headroom/headroom_b30_lrc0.0001_noceskip/lane3/RegNetY400MF/tissuemnist/L50_G50/hounie_rcl/seed_2,29,True,0,,False,0.0,,,,
tissuemnist,RegNetY400MF,L50_G50,hounie_rcl,3,29,28,ABSENT->trainer default True,results/headroom/headroom_b30_lrc0.0001_noceskip/lane3/RegNetY400MF/tissuemnist/L50_G50/hounie_rcl/seed_3,29,True,0,,False,0.0,,,,
tissuemnist,RegNetY400MF,L50_G50,hounie_rcl,4,29,28,ABSENT->trainer default True,results/headroom/headroom_b30_lrc0.0001_noceskip/lane3/RegNetY400MF/tissuemnist/L50_G50/hounie_rcl/seed_4,29,True,0,,False,0.0,,,,
tissuemnist,RegNetY400MF,L50_G50,tralo,1,7,30,False,results/headroom/headroom_b30_lrc0.0001_noceskip/lane3/RegNetY400MF/tissuemnist/L50_G50/tralo/seed_1,30,False,0,,False,0.0,,0.9884,0.9875,False
tissuemnist,RegNetY400MF,L50_G50,tralo,2,7,30,False,results/headroom/headroom_b30_lrc0.0001_noceskip/lane3/RegNetY400MF/tissuemnist/L50_G50/tralo/seed_2,30,False,0,,False,0.0,,0.9872,0.9864,False
tissuemnist,RegNetY400MF,L50_G50,tralo,3,7,30,False,results/headroom/headroom_b30_lrc0.0001_noceskip/lane3/RegNetY400MF/tissuemnist/L50_G50/tralo/seed_3,30,False,0,,False,0.0,,0.987,0.987,False
tissuemnist,RegNetY400MF,L50_G50,tralo,4,7,30,False,results/headroom/headroom_b30_lrc0.0001_noceskip/lane3/RegNetY400MF/tissuemnist/L50_G50/tralo/seed_4,30,False,0,,False,0.0,,0.9884,0.9884,False
