path,dataset,cap,model,seed,method,warmup,K,cls,count_raw,AP,precAtK,recAtK,n_uniq_score,frac_score_below_1e6,max_score,sat_epoch_raw,restored_from_raw,restore_kind,min_excess_raw,min_total_excess,last_c,eval_c,n_active_total,n_sat_total,dose_active,dose_sat,dose_frac,n_transitions,first_sat_c,peak_lambda,restored,unspent,is_tralo,traj_min_over_K,traj_max_over_K,traj_range_K,cum_excess_K,AP_ce,precAtK_ce,recAtK_ce,count_raw_ce,n_uniq_score_ce,dAP,dPrecK
results/headroom/headroom_b30_lrc0.0001_noceskip/lane0/MobileNetV3/dermmnist/L30_G30/fioretto_ldf/seed_1,dermmnist,L30_G30,MobileNetV3,1,fioretto_ldf,1,67,4,39,0.557781578181268,0.8507462686567164,0.2556053811659193,601,0.7873190214677983,1.0,22.0,,nan,22.0,0.0,26,26,21,5,21,5,0.8076923076923077,1,22.0,10.463698,0,0.417910447761194,0,,8.134328358208956,7.134328358208955,59.38805970149254,0.6994360828307511,0.8837953091684434,0.35201793721973096,184.0,763.0,-0.14165450464948315,-0.03304904051172697
results/headroom/headroom_b30_lrc0.0001_noceskip/lane0/MobileNetV3/dermmnist/L30_G30/fioretto_ldf/seed_2,dermmnist,L30_G30,MobileNetV3,2,fioretto_ldf,1,67,4,23,0.5539393406932882,0.8059701492537313,0.242152466367713,568,0.8217673489765353,0.9999914,19.0,,nan,19.0,0.0,23,23,18,5,18,5,0.782608695652174,1,19.0,8.564764,0,0.6567164179104478,0,,5.835820895522388,4.835820895522388,47.59701492537314,0.6850627078056499,0.818230277185501,0.3251121076233184,198.0,1027.0,-0.13112336711236172,-0.012260127931769671
results/headroom/headroom_b30_lrc0.0001_noceskip/lane0/MobileNetV3/dermmnist/L30_G30/fioretto_ldf/seed_3,dermmnist,L30_G30,MobileNetV3,3,fioretto_ldf,1,67,4,34,0.5516436037750767,0.7910447761194029,0.23766816143497757,773,0.7139291063404892,0.9999876,18.0,,nan,18.0,0.0,22,22,17,5,17,5,0.7727272727272727,1,18.0,10.408058,0,0.4925373134328358,0,,8.164179104477611,7.164179104477612,59.298507462686565,0.7056520413443165,0.8852611940298507,0.3542600896860987,167.0,804.0,-0.15400843756923976,-0.09421641791044777
results/headroom/headroom_b30_lrc0.0001_noceskip/lane0/MobileNetV3/dermmnist/L30_G30/fioretto_ldf/seed_4,dermmnist,L30_G30,MobileNetV3,4,fioretto_ldf,1,67,4,57,0.5923911134100882,0.8208955223880597,0.24663677130044842,648,0.7618572141787319,0.9999994,19.0,,nan,19.0,0.0,23,23,18,5,18,5,0.782608695652174,1,19.0,9.962893,0,0.14925373134328357,0,,6.641791044776119,5.641791044776119,54.62686567164179,0.679767880298651,0.8600079957356077,0.33856502242152464,164.0,898.0,-0.08737676688856277,-0.03911247334754797
results/headroom/headroom_b30_lrc0.0001_noceskip/lane0/MobileNetV3/dermmnist/L30_G30/hounie_rcl/seed_1,dermmnist,L30_G30,MobileNetV3,1,hounie_rcl,1,67,4,16,0.5068057641748468,0.7014925373134329,0.21076233183856502,514,0.836245631552671,0.9999453,24.0,,nan,24.0,0.0,28,28,23,5,23,5,0.8214285714285714,1,24.0,0.009394,0,0.7611940298507462,0,,5.686567164179104,4.686567164179104,53.11940298507463,0.6994360828307511,0.8837953091684434,0.35201793721973096,184.0,763.0,-0.1926303186559043,-0.18230277185501054
results/headroom/headroom_b30_lrc0.0001_noceskip/lane0/MobileNetV3/dermmnist/L30_G30/hounie_rcl/seed_2,dermmnist,L30_G30,MobileNetV3,2,hounie_rcl,1,67,4,28,0.43485538652617683,0.746268656716418,0.2242152466367713,398,0.8876684972541188,0.9999995,25.0,,nan,25.0,0.0,29,29,24,5,24,5,0.8275862068965517,1,25.0,0.011174,0,0.582089552238806,0,,8.074626865671641,7.074626865671642,63.44776119402985,0.6850627078056499,0.818230277185501,0.3251121076233184,198.0,1027.0,-0.2502073212794731,-0.07196162046908305
results/headroom/headroom_b30_lrc0.0001_noceskip/lane0/MobileNetV3/dermmnist/L30_G30/hounie_rcl/seed_3,dermmnist,L30_G30,MobileNetV3,3,hounie_rcl,1,67,4,18,0.5486722039019932,0.8059701492537313,0.242152466367713,520,0.8322516225661508,0.9995431,18.0,,nan,18.0,0.0,22,22,17,5,17,5,0.7727272727272727,1,18.0,0.008803,0,0.7313432835820896,0,,7.597014925373134,6.597014925373134,50.8955223880597,0.7056520413443165,0.8852611940298507,0.3542600896860987,167.0,804.0,-0.15697983744232324,-0.07929104477611937
results/headroom/headroom_b30_lrc0.0001_noceskip/lane0/MobileNetV3/dermmnist/L30_G30/hounie_rcl/seed_4,dermmnist,L30_G30,MobileNetV3,4,hounie_rcl,1,67,4,25,0.44334112674430176,0.7014925373134329,0.21076233183856502,556,0.8207688467299051,1.0,23.0,,nan,23.0,0.0,27,27,22,5,22,5,0.8148148148148148,1,23.0,0.01171,0,0.6268656716417911,0,,6.074626865671642,5.074626865671642,65.67164179104478,0.679767880298651,0.8600079957356077,0.33856502242152464,164.0,898.0,-0.23642675355434922,-0.15851545842217485
results/headroom/headroom_b30_lrc0.0001_noceskip/lane0/MobileNetV3/dermmnist/L30_G30/tralo/seed_1,dermmnist,L30_G30,MobileNetV3,1,tralo,1,67,4,68,0.5908519673325173,0.8656716417910447,0.2600896860986547,1339,0.4677983025461807,0.9999759,,6.0,min_excess,6.0,3.0,29,5,29,0,5,0,1.0,0,,0.11,1,-0.014925373134328358,1,1.0149253731343284,2.1791044776119404,1.164179104477612,1.1940298507462686,0.6994360828307511,0.8837953091684434,0.35201793721973096,184.0,763.0,-0.10858411549823377,-0.018123667377398678
results/headroom/headroom_b30_lrc0.0001_noceskip/lane0/MobileNetV3/dermmnist/L30_G30/tralo/seed_2,dermmnist,L30_G30,MobileNetV3,2,tralo,1,67,4,63,0.6222895028460954,0.8805970149253731,0.2645739910313901,1425,0.4438342486270594,0.99999964,6.0,6.0,fully_satisfied,6.0,0.0,29,5,28,1,4,1,0.8,2,5.0,0.06,1,0.05970149253731343,1,0.9402985074626866,2.08955223880597,1.1492537313432836,1.9402985074626866,0.6850627078056499,0.818230277185501,0.3251121076233184,198.0,1027.0,-0.06277320495955452,0.06236673773987211
results/headroom/headroom_b30_lrc0.0001_noceskip/lane0/MobileNetV3/dermmnist/L30_G30/tralo/seed_3,dermmnist,L30_G30,MobileNetV3,3,tralo,1,67,4,49,0.6341374072393323,0.8805970149253731,0.2645739910313901,696,0.7503744383424863,0.9999999,13.0,13.0,fully_satisfied,13.0,0.0,29,12,28,1,11,1,0.9166666666666666,2,12.0,0.07,1,0.26865671641791045,1,0.7313432835820896,4.0,3.2686567164179103,4.7611940298507465,0.7056520413443165,0.8852611940298507,0.3542600896860987,167.0,804.0,-0.07151463410498415,-0.004664179104477584
results/headroom/headroom_b30_lrc0.0001_noceskip/lane0/MobileNetV3/dermmnist/L30_G30/tralo/seed_4,dermmnist,L30_G30,MobileNetV3,4,tralo,1,67,4,72,0.525257397427119,0.8059701492537313,0.242152466367713,985,0.6275586620069895,0.99999964,,10.0,min_excess,10.0,13.0,29,9,29,0,9,0,1.0,0,,0.11,1,-0.07462686567164178,1,1.0746268656716418,2.5970149253731343,1.5223880597014925,2.343283582089552,0.679767880298651,0.8600079957356077,0.33856502242152464,164.0,898.0,-0.15451048287153202,-0.05403784648187637
results/headroom/headroom_b30_lrc0.0001_noceskip/lane0/MobileNetV3/octmnist/L30_G30/fioretto_ldf/seed_1,octmnist,L30_G30,MobileNetV3,1,fioretto_ldf,1,75,2,67,0.7996058204591205,0.9866666666666667,0.296,624,0.498,0.9999994,,17.0,min_excess,17.0,2.0,29,17,29,0,17,0,1.0,0,,13.142254,1,0.10666666666666667,0,,5.546666666666667,4.52,40.0,0.7580042313731934,0.88,0.348,113.0,492.0,0.04160158908592715,0.10666666666666669
results/headroom/headroom_b30_lrc0.0001_noceskip/lane0/MobileNetV3/octmnist/L30_G30/fioretto_ldf/seed_2,octmnist,L30_G30,MobileNetV3,2,fioretto_ldf,1,75,2,67,0.8113992231442291,0.9733333333333334,0.292,574,0.561,1.0,28.0,,nan,28.0,0.0,29,29,27,2,27,2,0.9310344827586207,1,28.0,9.593503,0,0.10666666666666667,0,,5.8133333333333335,4.8133333333333335,47.373333333333335,0.8108231951833579,0.9199999999999999,0.364,191.0,697.0,0.0005760279608711949,0.053333333333333455
results/headroom/headroom_b30_lrc0.0001_noceskip/lane0/MobileNetV3/octmnist/L30_G30/fioretto_ldf/seed_3,octmnist,L30_G30,MobileNetV3,3,fioretto_ldf,1,75,2,102,0.768791431185973,0.9466666666666667,0.284,566,0.56,0.9999999,,19.0,min_excess,19.0,53.0,29,19,29,0,19,0,1.0,0,,13.152993,1,-0.36,0,,5.28,3.5733333333333333,49.986666666666665,0.8262172810605988,0.9293333333333333,0.37,188.0,656.0,-0.057425849874625734,0.01733333333333331
results/headroom/headroom_b30_lrc0.0001_noceskip/lane0/MobileNetV3/octmnist/L30_G30/fioretto_ldf/seed_4,octmnist,L30_G30,MobileNetV3,4,fioretto_ldf,1,75,2,42,0.7812688709961337,0.92,0.276,287,0.786,0.99999976,29.0,,nan,29.0,0.0,29,29,28,1,28,1,0.9655172413793104,1,29.0,12.819699,0,0.44,0,,6.1866666666666665,5.1866666666666665,66.05333333333333,0.72638479977456,0.8280000000000001,0.326,149.0,574.0,0.05488407122157368,0.09199999999999997
results/headroom/headroom_b30_lrc0.0001_noceskip/lane0/MobileNetV3/octmnist/L30_G30/hounie_rcl/seed_1,octmnist,L30_G30,MobileNetV3,1,hounie_rcl,1,75,2,78,0.6724310077809804,0.8933333333333333,0.268,983,0.001,0.94817674,,2.0,min_excess,2.0,5.0,29,2,29,0,2,0,1.0,0,,0.025465,1,-0.04,0,,5.466666666666667,4.4,4.533333333333333,0.7580042313731934,0.88,0.348,113.0,492.0,-0.08557322359221298,0.013333333333333308
results/headroom/headroom_b30_lrc0.0001_noceskip/lane0/MobileNetV3/octmnist/L30_G30/hounie_rcl/seed_2,octmnist,L30_G30,MobileNetV3,2,hounie_rcl,1,75,2,83,0.7709434517479001,0.96,0.288,985,0.001,0.97591454,,2.0,min_excess,2.0,15.0,29,2,29,0,2,0,1.0,0,,0.022407,1,-0.10666666666666667,0,,1.7866666666666666,0.5866666666666667,0.9866666666666667,0.8108231951833579,0.9199999999999999,0.364,191.0,697.0,-0.03987974343545775,0.040000000000000036
results/headroom/headroom_b30_lrc0.0001_noceskip/lane0/MobileNetV3/octmnist/L30_G30/hounie_rcl/seed_3,octmnist,L30_G30,MobileNetV3,3,hounie_rcl,1,75,2,92,0.7862795066722891,0.9333333333333333,0.28,753,0.398,0.9999999,,11.0,min_excess,11.0,33.0,29,11,29,0,11,0,1.0,0,,0.024806,1,-0.22666666666666666,0,,6.026666666666666,4.586666666666667,27.85333333333333,0.8262172810605988,0.9293333333333333,0.37,188.0,656.0,-0.0399377743883097,0.0040000000000000036
results/headroom/headroom_b30_lrc0.0001_noceskip/lane0/MobileNetV3/octmnist/L30_G30/hounie_rcl/seed_4,octmnist,L30_G30,MobileNetV3,4,hounie_rcl,1,75,2,92,0.7294685944169343,0.9066666666666666,0.272,567,0.529,1.0,,,nan,4.0,41.0,29,29,29,0,29,0,1.0,0,,0.027011,0,-0.22666666666666666,0,,5.386666666666667,3.84,69.82666666666667,0.72638479977456,0.8280000000000001,0.326,149.0,574.0,0.0030837946423742935,0.07866666666666655
results/headroom/headroom_b30_lrc0.0001_noceskip/lane0/MobileNetV3/octmnist/L30_G30/tralo/seed_1,octmnist,L30_G30,MobileNetV3,1,tralo,1,75,2,42,0.6369146177540105,0.8933333333333333,0.268,984,0.004,0.9016115,3.0,3.0,fully_satisfied,3.0,0.0,29,2,28,1,1,1,0.5,2,2.0,0.05,1,0.44,1,0.56,3.24,2.68,2.24,0.7580042313731934,0.88,0.348,113.0,492.0,-0.12108961361918291,0.013333333333333308
results/headroom/headroom_b30_lrc0.0001_noceskip/lane0/MobileNetV3/octmnist/L30_G30/tralo/seed_2,octmnist,L30_G30,MobileNetV3,2,tralo,1,75,2,55,0.7359002455600738,0.9466666666666667,0.284,982,0.001,0.9748001,3.0,3.0,fully_satisfied,3.0,0.0,29,2,28,1,1,1,0.5,2,2.0,0.05,1,0.26666666666666666,1,0.7333333333333333,1.4,0.6666666666666666,0.4,0.8108231951833579,0.9199999999999999,0.364,191.0,697.0,-0.07492294962328405,0.026666666666666727
results/headroom/headroom_b30_lrc0.0001_noceskip/lane0/MobileNetV3/octmnist/L30_G30/tralo/seed_3,octmnist,L30_G30,MobileNetV3,3,tralo,1,75,2,77,0.8021110309994195,0.92,0.276,720,0.43,0.99999976,,12.0,min_excess,12.0,4.0,29,11,29,0,11,0,1.0,0,,0.11,1,-0.02666666666666667,1,1.9866666666666666,3.1466666666666665,1.16,4.72,0.8262172810605988,0.9293333333333333,0.37,188.0,656.0,-0.02410625006117928,-0.009333333333333305
results/headroom/headroom_b30_lrc0.0001_noceskip/lane0/MobileNetV3/octmnist/L30_G30/tralo/seed_4,octmnist,L30_G30,MobileNetV3,4,tralo,1,75,2,77,0.7536887594602821,0.8933333333333333,0.268,593,0.514,0.99992526,,10.0,min_excess,10.0,8.0,29,9,29,0,9,0,1.0,0,,0.11,1,-0.02666666666666667,1,1.0266666666666666,1.7466666666666666,0.72,1.2133333333333334,0.72638479977456,0.8280000000000001,0.326,149.0,574.0,0.02730395968572208,0.06533333333333324
results/headroom/headroom_b30_lrc0.0001_noceskip/lane0/MobileNetV3/tissuemnist/L30_G30/fioretto_ldf/seed_1,tissuemnist,L30_G30,MobileNetV3,1,fioretto_ldf,1,51,4,35,0.3954645792438441,0.6470588235294118,0.19298245614035087,2400,0.0,0.4245388,1.0,1.0,fully_satisfied,1.0,0.0,29,1,28,1,0,1,0.0,1,1.0,16.668755,1,0.3137254901960784,0,,1.0,0.0,0.0,0.39853999493550796,0.5557455540355678,0.21929824561403508,288.0,1728.0,-0.003075415691663863,0.091313269493844
results/headroom/headroom_b30_lrc0.0001_noceskip/lane0/MobileNetV3/tissuemnist/L30_G30/fioretto_ldf/seed_2,tissuemnist,L30_G30,MobileNetV3,2,fioretto_ldf,1,51,4,55,0.3406587642309829,0.5294117647058824,0.15789473684210525,1969,0.28708333333333336,0.99899393,,11.0,min_excess,11.0,9.0,29,11,29,0,11,0,1.0,0,,20.279484,1,-0.0784313725490196,0,,15.470588235294118,14.294117647058824,62.88235294117647,0.38482688231431644,0.6065891472868217,0.23684210526315788,262.0,1900.0,-0.04416811808333354,-0.07717738258093931
results/headroom/headroom_b30_lrc0.0001_noceskip/lane0/MobileNetV3/tissuemnist/L30_G30/fioretto_ldf/seed_3,tissuemnist,L30_G30,MobileNetV3,3,fioretto_ldf,1,51,4,20,0.25884573543613204,0.47058823529411764,0.14035087719298245,1531,0.4875,0.99938047,24.0,24.0,fully_satisfied,24.0,0.0,29,24,28,1,23,1,0.9583333333333334,2,24.0,15.221057,1,0.6078431372549019,0,,16.333333333333332,15.333333333333334,90.07843137254902,0.411828463207173,0.5691974464204286,0.22807017543859648,218.0,1539.0,-0.15298272777104094,-0.09860921112631094
results/headroom/headroom_b30_lrc0.0001_noceskip/lane0/MobileNetV3/tissuemnist/L30_G30/fioretto_ldf/seed_4,tissuemnist,L30_G30,MobileNetV3,4,fioretto_ldf,1,51,4,44,0.3860343293557206,0.5686274509803921,0.1695906432748538,2400,0.0008333333333333334,0.802076,1.0,3.0,fully_satisfied,1.0,0.0,29,3,26,3,0,3,0.0,1,1.0,15.939243,1,0.13725490196078433,0,,1.0,0.0,0.0,0.38274006452985887,0.4990880072959416,0.19883040935672514,157.0,1249.0,0.0032942648258617035,0.06953944368445053
results/headroom/headroom_b30_lrc0.0001_noceskip/lane0/MobileNetV3/tissuemnist/L30_G30/hounie_rcl/seed_1,tissuemnist,L30_G30,MobileNetV3,1,hounie_rcl,1,51,4,35,0.3954645792438441,0.6470588235294118,0.19298245614035087,2400,0.0,0.4245388,1.0,1.0,fully_satisfied,1.0,0.0,29,1,28,1,0,1,0.0,1,1.0,0.018077,1,0.3137254901960784,0,,1.0,0.0,0.0,0.39853999493550796,0.5557455540355678,0.21929824561403508,288.0,1728.0,-0.003075415691663863,0.091313269493844
results/headroom/headroom_b30_lrc0.0001_noceskip/lane0/MobileNetV3/tissuemnist/L30_G30/hounie_rcl/seed_2,tissuemnist,L30_G30,MobileNetV3,2,hounie_rcl,1,51,4,80,0.36162257750423865,0.5490196078431373,0.16374269005847952,1414,0.5254166666666666,0.99998736,,17.0,min_excess,17.0,58.0,29,17,29,0,17,0,1.0,0,,0.017967,1,-0.5686274509803921,0,,13.666666666666666,11.529411764705882,99.84313725490196,0.38482688231431644,0.6065891472868217,0.23684210526315788,262.0,1900.0,-0.02320430481007779,-0.05756953944368437
results/headroom/headroom_b30_lrc0.0001_noceskip/lane0/MobileNetV3/tissuemnist/L30_G30/hounie_rcl/seed_3,tissuemnist,L30_G30,MobileNetV3,3,hounie_rcl,1,51,4,53,0.37836715294566153,0.6078431372549019,0.18128654970760233,2398,0.005833333333333334,0.7250193,,3.0,min_excess,3.0,4.0,29,3,29,0,3,0,1.0,0,,0.012733,1,-0.0392156862745098,0,,2.372549019607843,1.2941176470588236,2.4313725490196076,0.411828463207173,0.5691974464204286,0.22807017543859648,218.0,1539.0,-0.033461310261511445,0.038645690834473334
results/headroom/headroom_b30_lrc0.0001_noceskip/lane0/MobileNetV3/tissuemnist/L30_G30/hounie_rcl/seed_4,tissuemnist,L30_G30,MobileNetV3,4,hounie_rcl,1,51,4,47,0.3808957268250199,0.5686274509803921,0.1695906432748538,2400,0.0,0.5758037,1.0,2.0,fully_satisfied,1.0,0.0,29,2,27,2,0,2,0.0,1,1.0,0.014354,1,0.0784313725490196,0,,1.0,0.0,0.0,0.38274006452985887,0.4990880072959416,0.19883040935672514,157.0,1249.0,-0.0018443377048389942,0.06953944368445053
results/headroom/headroom_b30_lrc0.0001_noceskip/lane0/MobileNetV3/tissuemnist/L30_G30/tralo/seed_1,tissuemnist,L30_G30,MobileNetV3,1,tralo,1,51,4,35,0.3954645792438441,0.6470588235294118,0.19298245614035087,2400,0.0,0.4245388,2.0,2.0,fully_satisfied,2.0,0.0,29,1,28,1,0,1,0.0,1,1.0,0.05,1,0.3137254901960784,1,0.6862745098039216,0.6862745098039216,0.0,0.0,0.39853999493550796,0.5557455540355678,0.21929824561403508,288.0,1728.0,-0.003075415691663863,0.091313269493844
results/headroom/headroom_b30_lrc0.0001_noceskip/lane0/MobileNetV3/tissuemnist/L30_G30/tralo/seed_2,tissuemnist,L30_G30,MobileNetV3,2,tralo,1,51,4,73,0.444779157439954,0.6862745098039216,0.2046783625730994,1351,0.5491666666666667,0.99999666,,29.0,min_excess,29.0,44.0,29,28,29,0,28,0,1.0,0,,0.11,1,-0.43137254901960786,1,1.6470588235294117,4.980392156862745,3.3333333333333335,11.431372549019608,0.38482688231431644,0.6065891472868217,0.23684210526315788,262.0,1900.0,0.059952275125637555,0.0796853625170999
results/headroom/headroom_b30_lrc0.0001_noceskip/lane0/MobileNetV3/tissuemnist/L30_G30/tralo/seed_3,tissuemnist,L30_G30,MobileNetV3,3,tralo,1,51,4,36,0.3267056656925248,0.5490196078431373,0.16374269005847952,1515,0.49041666666666667,0.99996686,9.0,17.0,fully_satisfied,9.0,0.0,29,16,27,2,14,2,0.875,4,8.0,0.06,1,0.29411764705882354,1,0.5882352941176471,3.980392156862745,3.392156862745098,5.392156862745098,0.411828463207173,0.5691974464204286,0.22807017543859648,218.0,1539.0,-0.08512279751464819,-0.020177838577291274
results/headroom/headroom_b30_lrc0.0001_noceskip/lane0/MobileNetV3/tissuemnist/L30_G30/tralo/seed_4,tissuemnist,L30_G30,MobileNetV3,4,tralo,1,51,4,42,0.42230281926866087,0.6274509803921569,0.1871345029239766,2347,0.07416666666666667,0.95665157,2.0,5.0,fully_satisfied,2.0,0.0,29,4,26,3,1,3,0.25,3,1.0,0.05,1,0.17647058823529413,1,0.49019607843137253,0.8235294117647058,0.3333333333333333,0.0,0.38274006452985887,0.4990880072959416,0.19883040935672514,157.0,1249.0,0.039562754738802,0.12836297309621525
results/headroom/headroom_b30_lrc0.0001_noceskip/lane1/MobileNetV3/dermmnist/L50_G50/fioretto_ldf/seed_1,dermmnist,L50_G50,MobileNetV3,1,fioretto_ldf,1,112,4,78,0.6420835526670444,0.8125,0.4080717488789238,752,0.7199201198202696,0.9999995,14.0,,nan,14.0,0.0,24,24,18,6,18,6,0.75,3,14.0,6.152846,0,0.30357142857142855,0,,4.473214285714286,3.4732142857142856,20.321428571428573,0.6994360828307511,0.8837953091684434,0.35201793721973096,184.0,763.0,-0.05735253016370667,-0.0712953091684434
results/headroom/headroom_b30_lrc0.0001_noceskip/lane1/MobileNetV3/dermmnist/L50_G50/fioretto_ldf/seed_2,dermmnist,L50_G50,MobileNetV3,2,fioretto_ldf,1,112,4,110,0.6517579261994727,0.8125,0.4080717488789238,850,0.6789815277084373,1.0,,,nan,16.0,1.0,29,29,29,0,29,0,1.0,0,,4.535734,0,0.017857142857142856,0,,3.0982142857142856,2.0892857142857144,14.366071428571429,0.6850627078056499,0.818230277185501,0.3251121076233184,198.0,1027.0,-0.033304781606177225,-0.005730277185501009
results/headroom/headroom_b30_lrc0.0001_noceskip/lane1/MobileNetV3/dermmnist/L50_G50/fioretto_ldf/seed_3,dermmnist,L50_G50,MobileNetV3,3,fioretto_ldf,1,112,4,76,0.6254235776780518,0.7410714285714286,0.3721973094170404,950,0.6195706440339491,0.9999988,16.0,,nan,16.0,0.0,20,20,15,5,15,5,0.75,1,16.0,6.142482,0,0.32142857142857145,0,,4.491071428571429,3.4910714285714284,20.633928571428573,0.7056520413443165,0.8852611940298507,0.3542600896860987,167.0,804.0,-0.08022846366626468,-0.1441897654584221
results/headroom/headroom_b30_lrc0.0001_noceskip/lane1/MobileNetV3/dermmnist/L50_G50/fioretto_ldf/seed_4,dermmnist,L50_G50,MobileNetV3,4,fioretto_ldf,1,112,4,97,0.635610149084322,0.8125,0.4080717488789238,868,0.673489765351972,1.0,17.0,,nan,17.0,0.0,21,21,16,5,16,5,0.7619047619047619,1,17.0,5.856017,0,0.13392857142857142,0,,3.580357142857143,2.580357142857143,18.330357142857142,0.679767880298651,0.8600079957356077,0.33856502242152464,164.0,898.0,-0.04415773121432898,-0.04750799573560771
results/headroom/headroom_b30_lrc0.0001_noceskip/lane1/MobileNetV3/dermmnist/L50_G50/hounie_rcl/seed_1,dermmnist,L50_G50,MobileNetV3,1,hounie_rcl,1,112,4,54,0.48416291677517437,0.6428571428571429,0.32286995515695066,660,0.7598602096854717,1.0,27.0,,nan,27.0,0.0,29,29,26,3,26,3,0.896551724137931,1,27.0,0.007864,0,0.5178571428571429,0,,2.8839285714285716,1.8839285714285714,26.0625,0.6994360828307511,0.8837953091684434,0.35201793721973096,184.0,763.0,-0.21527316605557673,-0.2409381663113005
results/headroom/headroom_b30_lrc0.0001_noceskip/lane1/MobileNetV3/dermmnist/L50_G50/hounie_rcl/seed_2,dermmnist,L50_G50,MobileNetV3,2,hounie_rcl,1,112,4,71,0.6082769508687245,0.7767857142857143,0.3901345291479821,728,0.7309036445332002,1.0,26.0,,nan,26.0,0.0,29,29,25,4,25,4,0.8620689655172413,1,26.0,0.006559,0,0.36607142857142855,0,,2.919642857142857,1.9196428571428572,21.008928571428573,0.6850627078056499,0.818230277185501,0.3251121076233184,198.0,1027.0,-0.07678575693692546,-0.04144456289978671
results/headroom/headroom_b30_lrc0.0001_noceskip/lane1/MobileNetV3/dermmnist/L50_G50/hounie_rcl/seed_3,dermmnist,L50_G50,MobileNetV3,3,hounie_rcl,1,112,4,38,0.564949066665863,0.7232142857142857,0.3632286995515695,586,0.7903145282076884,0.9999994,21.0,,nan,21.0,0.0,25,25,20,5,20,5,0.8,1,21.0,0.006752,0,0.6607142857142857,0,,4.008928571428571,3.0089285714285716,23.776785714285715,0.7056520413443165,0.8852611940298507,0.3542600896860987,167.0,804.0,-0.1407029746784535,-0.162046908315565
results/headroom/headroom_b30_lrc0.0001_noceskip/lane1/MobileNetV3/dermmnist/L50_G50/hounie_rcl/seed_4,dermmnist,L50_G50,MobileNetV3,4,hounie_rcl,1,112,4,52,0.5235007484841816,0.6607142857142857,0.33183856502242154,975,0.6385421867199201,0.99999547,8.0,,nan,8.0,0.0,28,28,22,6,22,6,0.7857142857142857,3,8.0,0.005601,0,0.5357142857142857,0,,3.2410714285714284,2.2410714285714284,18.098214285714285,0.679767880298651,0.8600079957356077,0.33856502242152464,164.0,898.0,-0.15626713181446938,-0.199293710021322
results/headroom/headroom_b30_lrc0.0001_noceskip/lane1/MobileNetV3/dermmnist/L50_G50/tralo/seed_1,dermmnist,L50_G50,MobileNetV3,1,tralo,1,112,4,80,0.6335067813669428,0.8214285714285714,0.4125560538116592,665,0.7408886669995007,0.9999994,4.0,26.0,fully_satisfied,4.0,0.0,29,25,23,6,19,6,0.76,12,3.0,0.05,1,0.2857142857142857,1,0.7053571428571429,1.7767857142857142,1.0714285714285714,2.2857142857142856,0.6994360828307511,0.8837953091684434,0.35201793721973096,184.0,763.0,-0.06592930146380827,-0.062366737739872
results/headroom/headroom_b30_lrc0.0001_noceskip/lane1/MobileNetV3/dermmnist/L50_G50/tralo/seed_2,dermmnist,L50_G50,MobileNetV3,2,tralo,1,112,4,95,0.6591550666068976,0.8125,0.4080717488789238,664,0.7578632051922117,1.0,3.0,,nan,3.0,0.0,29,29,19,10,19,10,0.6551724137931034,17,2.0,0.05,0,0.15178571428571427,1,0.6607142857142857,2.3392857142857144,1.6785714285714286,2.482142857142857,0.6850627078056499,0.818230277185501,0.3251121076233184,198.0,1027.0,-0.02590764119875233,-0.005730277185501009
results/headroom/headroom_b30_lrc0.0001_noceskip/lane1/MobileNetV3/dermmnist/L50_G50/tralo/seed_3,dermmnist,L50_G50,MobileNetV3,3,tralo,1,112,4,99,0.6558994453298156,0.8125,0.4080717488789238,571,0.782326510234648,1.0,10.0,,nan,10.0,0.0,29,29,24,5,24,5,0.8275862068965517,10,9.0,0.06,0,0.11607142857142858,1,0.7321428571428571,2.5089285714285716,1.7767857142857142,3.9285714285714284,0.7056520413443165,0.8852611940298507,0.3542600896860987,167.0,804.0,-0.04975259601450088,-0.0727611940298507
results/headroom/headroom_b30_lrc0.0001_noceskip/lane1/MobileNetV3/dermmnist/L50_G50/tralo/seed_4,dermmnist,L50_G50,MobileNetV3,4,tralo,1,112,4,66,0.6431543255398516,0.8125,0.4080717488789238,613,0.7798302546180729,1.0,4.0,23.0,fully_satisfied,4.0,0.0,29,22,22,7,15,7,0.6818181818181818,14,3.0,0.05,1,0.4107142857142857,1,0.5892857142857143,2.142857142857143,1.5535714285714286,3.5089285714285716,0.679767880298651,0.8600079957356077,0.33856502242152464,164.0,898.0,-0.03661355475879935,-0.04750799573560771
results/headroom/headroom_b30_lrc0.0001_noceskip/lane1/MobileNetV3/octmnist/L50_G50/fioretto_ldf/seed_1,octmnist,L50_G50,MobileNetV3,1,fioretto_ldf,1,125,2,108,0.7215008445074367,0.792,0.396,583,0.507,1.0,2.0,28.0,fully_satisfied,2.0,0.0,29,28,23,6,22,6,0.7857142857142857,8,2.0,5.422317,1,0.136,0,,3.128,2.128,16.304,0.7580042313731934,0.88,0.348,113.0,492.0,-0.036503386865756715,-0.08799999999999997
results/headroom/headroom_b30_lrc0.0001_noceskip/lane1/MobileNetV3/octmnist/L50_G50/fioretto_ldf/seed_2,octmnist,L50_G50,MobileNetV3,2,fioretto_ldf,1,125,2,111,0.8295688576114865,0.936,0.468,567,0.55,1.0,2.0,,nan,2.0,0.0,29,29,18,11,18,11,0.6206896551724138,11,2.0,4.564279,0,0.112,0,,3.096,2.096,14.08,0.8108231951833579,0.9199999999999999,0.364,191.0,697.0,0.018745662428128584,0.016000000000000125
results/headroom/headroom_b30_lrc0.0001_noceskip/lane1/MobileNetV3/octmnist/L50_G50/fioretto_ldf/seed_3,octmnist,L50_G50,MobileNetV3,3,fioretto_ldf,1,125,2,111,0.7651043720875812,0.856,0.428,587,0.512,1.0,26.0,26.0,fully_satisfied,26.0,0.0,29,26,28,1,25,1,0.9615384615384616,2,26.0,5.907403,1,0.112,0,,2.776,1.776,17.064,0.8262172810605988,0.9293333333333333,0.37,188.0,656.0,-0.06111290897301758,-0.07333333333333336
results/headroom/headroom_b30_lrc0.0001_noceskip/lane1/MobileNetV3/octmnist/L50_G50/fioretto_ldf/seed_4,octmnist,L50_G50,MobileNetV3,4,fioretto_ldf,1,125,2,117,0.8121980585359813,0.896,0.448,477,0.616,1.0,5.0,,nan,5.0,0.0,29,29,22,7,22,7,0.7586206896551724,7,5.0,5.633906,0,0.064,0,,3.496,2.496,17.152,0.72638479977456,0.8280000000000001,0.326,149.0,574.0,0.08581325876142121,0.06799999999999995
results/headroom/headroom_b30_lrc0.0001_noceskip/lane1/MobileNetV3/octmnist/L50_G50/hounie_rcl/seed_1,octmnist,L50_G50,MobileNetV3,1,hounie_rcl,1,125,2,96,0.7869481365119021,0.888,0.444,644,0.455,1.0,2.0,13.0,fully_satisfied,2.0,0.0,29,13,26,3,10,3,0.7692307692307693,6,2.0,0.01187,1,0.232,0,,3.272,2.272,6.984,0.7580042313731934,0.88,0.348,113.0,492.0,0.028943905138708703,0.008000000000000007
results/headroom/headroom_b30_lrc0.0001_noceskip/lane1/MobileNetV3/octmnist/L50_G50/hounie_rcl/seed_2,octmnist,L50_G50,MobileNetV3,2,hounie_rcl,1,125,2,113,0.8264072779293988,0.928,0.464,983,0.006,0.9984047,2.0,3.0,fully_satisfied,2.0,0.0,29,3,27,2,1,2,0.3333333333333333,2,2.0,0.009058,1,0.096,0,,1.048,0.048,0.048,0.8108231951833579,0.9199999999999999,0.364,191.0,697.0,0.01558408274604095,0.008000000000000118
results/headroom/headroom_b30_lrc0.0001_noceskip/lane1/MobileNetV3/octmnist/L50_G50/hounie_rcl/seed_3,octmnist,L50_G50,MobileNetV3,3,hounie_rcl,1,125,2,86,0.7534063613721464,0.848,0.424,501,0.603,1.0,11.0,,nan,11.0,0.0,29,29,25,4,25,4,0.8620689655172413,7,11.0,0.008074,0,0.312,0,,2.776,1.776,14.032,0.8262172810605988,0.9293333333333333,0.37,188.0,656.0,-0.07281091968845232,-0.08133333333333337
results/headroom/headroom_b30_lrc0.0001_noceskip/lane1/MobileNetV3/octmnist/L50_G50/hounie_rcl/seed_4,octmnist,L50_G50,MobileNetV3,4,hounie_rcl,1,125,2,64,0.8223765465515465,0.936,0.468,356,0.745,0.9999994,8.0,,nan,8.0,0.0,29,29,25,4,25,4,0.8620689655172413,5,8.0,0.011016,0,0.488,0,,2.776,1.776,16.928,0.72638479977456,0.8280000000000001,0.326,149.0,574.0,0.09599174677698641,0.10799999999999998
results/headroom/headroom_b30_lrc0.0001_noceskip/lane1/MobileNetV3/octmnist/L50_G50/tralo/seed_1,octmnist,L50_G50,MobileNetV3,1,tralo,1,125,2,103,0.7709309982736356,0.856,0.428,554,0.544,1.0,3.0,,nan,3.0,0.0,29,29,25,4,25,4,0.8620689655172413,8,2.0,0.05,0,0.176,1,0.424,1.944,1.52,1.84,0.7580042313731934,0.88,0.348,113.0,492.0,0.012926766900442255,-0.02400000000000002
results/headroom/headroom_b30_lrc0.0001_noceskip/lane1/MobileNetV3/octmnist/L50_G50/tralo/seed_2,octmnist,L50_G50,MobileNetV3,2,tralo,1,125,2,99,0.7560338499848368,0.816,0.408,605,0.526,1.0,3.0,22.0,fully_satisfied,3.0,0.0,29,21,22,7,14,7,0.6666666666666666,8,2.0,0.05,1,0.208,1,0.376,1.44,1.064,0.616,0.8108231951833579,0.9199999999999999,0.364,191.0,697.0,-0.05478934519852108,-0.10399999999999998
results/headroom/headroom_b30_lrc0.0001_noceskip/lane1/MobileNetV3/octmnist/L50_G50/tralo/seed_3,octmnist,L50_G50,MobileNetV3,3,tralo,1,125,2,108,0.8145282858354329,0.896,0.448,549,0.56,1.0,8.0,26.0,fully_satisfied,8.0,0.0,29,25,24,5,20,5,0.8,10,7.0,0.06,1,0.136,1,0.856,1.888,1.032,2.992,0.8262172810605988,0.9293333333333333,0.37,188.0,656.0,-0.011688995225165866,-0.033333333333333326
results/headroom/headroom_b30_lrc0.0001_noceskip/lane1/MobileNetV3/octmnist/L50_G50/tralo/seed_4,octmnist,L50_G50,MobileNetV3,4,tralo,1,125,2,122,0.8286873641921993,0.928,0.464,738,0.401,1.0,5.0,14.0,fully_satisfied,5.0,0.0,29,13,26,3,10,3,0.7692307692307693,6,4.0,0.06,1,0.024,1,0.608,1.256,0.648,0.304,0.72638479977456,0.8280000000000001,0.326,149.0,574.0,0.1023025644176393,0.09999999999999998
results/headroom/headroom_b30_lrc0.0001_noceskip/lane1/MobileNetV3/tissuemnist/L50_G50/fioretto_ldf/seed_1,tissuemnist,L50_G50,MobileNetV3,1,fioretto_ldf,1,86,4,61,0.28715025236541913,0.45348837209302323,0.22807017543859648,1499,0.49625,0.9999987,1.0,,nan,1.0,0.0,29,29,28,1,28,1,0.9655172413793104,1,1.0,12.972226,0,0.29069767441860467,0,,6.395348837209302,5.395348837209302,52.46511627906977,0.39853999493550796,0.5557455540355678,0.21929824561403508,288.0,1728.0,-0.11138974257008882,-0.10225718194254457
results/headroom/headroom_b30_lrc0.0001_noceskip/lane1/MobileNetV3/tissuemnist/L50_G50/fioretto_ldf/seed_2,tissuemnist,L50_G50,MobileNetV3,2,fioretto_ldf,1,86,4,83,0.3616882355063031,0.5116279069767442,0.2573099415204678,1567,0.4666666666666667,0.99997616,11.0,23.0,fully_satisfied,11.0,0.0,29,23,27,2,21,2,0.9130434782608695,4,11.0,16.706546,1,0.03488372093023256,0,,8.767441860465116,7.767441860465116,60.16279069767442,0.38482688231431644,0.6065891472868217,0.23684210526315788,262.0,1900.0,-0.023138646808013363,-0.09496124031007747
results/headroom/headroom_b30_lrc0.0001_noceskip/lane1/MobileNetV3/tissuemnist/L50_G50/fioretto_ldf/seed_3,tissuemnist,L50_G50,MobileNetV3,3,fioretto_ldf,1,86,4,66,0.34349446917416493,0.45348837209302323,0.22807017543859648,1425,0.52125,0.9997844,1.0,19.0,fully_satisfied,1.0,0.0,29,19,24,5,14,5,0.7368421052631579,5,1.0,11.184887,1,0.23255813953488372,0,,9.279069767441861,8.279069767441861,27.13953488372093,0.411828463207173,0.5691974464204286,0.22807017543859648,218.0,1539.0,-0.06833399403300805,-0.11570907432740535
results/headroom/headroom_b30_lrc0.0001_noceskip/lane1/MobileNetV3/tissuemnist/L50_G50/fioretto_ldf/seed_4,tissuemnist,L50_G50,MobileNetV3,4,fioretto_ldf,1,86,4,77,0.3111756289946287,0.46511627906976744,0.23391812865497075,1886,0.3275,0.9999968,1.0,11.0,fully_satisfied,1.0,0.0,29,11,24,5,6,5,0.5454545454545454,3,1.0,11.050336,1,0.10465116279069768,0,,5.162790697674419,4.162790697674419,10.465116279069768,0.38274006452985887,0.4990880072959416,0.19883040935672514,157.0,1249.0,-0.07156443553523018,-0.03397172822617417
results/headroom/headroom_b30_lrc0.0001_noceskip/lane1/MobileNetV3/tissuemnist/L50_G50/hounie_rcl/seed_1,tissuemnist,L50_G50,MobileNetV3,1,hounie_rcl,1,86,4,35,0.3954645792438441,0.4883720930232558,0.24561403508771928,2400,0.0,0.4245388,1.0,1.0,fully_satisfied,1.0,0.0,29,1,28,1,0,1,0.0,1,1.0,0.012732,1,0.5930232558139535,0,,1.0,0.0,0.0,0.39853999493550796,0.5557455540355678,0.21929824561403508,288.0,1728.0,-0.003075415691663863,-0.06737346101231201
results/headroom/headroom_b30_lrc0.0001_noceskip/lane1/MobileNetV3/tissuemnist/L50_G50/hounie_rcl/seed_2,tissuemnist,L50_G50,MobileNetV3,2,hounie_rcl,1,86,4,81,0.337777312890084,0.46511627906976744,0.23391812865497075,1411,0.5316666666666666,0.99991846,,26.0,min_excess,26.0,2.0,29,26,29,0,26,0,1.0,0,,0.012818,1,0.05813953488372093,0,,6.209302325581396,5.186046511627907,63.02325581395349,0.38482688231431644,0.6065891472868217,0.23684210526315788,262.0,1900.0,-0.04704956942423244,-0.14147286821705424
results/headroom/headroom_b30_lrc0.0001_noceskip/lane1/MobileNetV3/tissuemnist/L50_G50/hounie_rcl/seed_3,tissuemnist,L50_G50,MobileNetV3,3,hounie_rcl,1,86,4,54,0.231607236675273,0.3488372093023256,0.17543859649122806,1897,0.32875,0.99987125,1.0,14.0,fully_satisfied,1.0,0.0,29,14,23,6,8,6,0.5714285714285714,5,1.0,0.008757,1,0.37209302325581395,0,,9.023255813953488,8.023255813953488,20.372093023255815,0.411828463207173,0.5691974464204286,0.22807017543859648,218.0,1539.0,-0.18022122653189998,-0.220360237118103
results/headroom/headroom_b30_lrc0.0001_noceskip/lane1/MobileNetV3/tissuemnist/L50_G50/hounie_rcl/seed_4,tissuemnist,L50_G50,MobileNetV3,4,hounie_rcl,1,86,4,85,0.27084350661726264,0.43023255813953487,0.21637426900584794,1865,0.3516666666666667,1.0,1.0,21.0,fully_satisfied,1.0,0.0,29,21,25,4,17,4,0.8095238095238095,3,1.0,0.009998,1,0.011627906976744186,0,,5.627906976744186,4.627906976744186,32.30232558139535,0.38274006452985887,0.4990880072959416,0.19883040935672514,157.0,1249.0,-0.11189655791259623,-0.06885544915640673
results/headroom/headroom_b30_lrc0.0001_noceskip/lane1/MobileNetV3/tissuemnist/L50_G50/tralo/seed_1,tissuemnist,L50_G50,MobileNetV3,1,tralo,1,86,4,46,0.41318960123149534,0.5,0.25146198830409355,2364,0.059583333333333335,0.83171844,2.0,5.0,fully_satisfied,2.0,0.0,29,4,27,2,2,2,0.5,3,1.0,0.05,1,0.46511627906976744,1,0.4069767441860465,0.5348837209302325,0.12790697674418605,0.0,0.39853999493550796,0.5557455540355678,0.21929824561403508,288.0,1728.0,0.014649606295987383,-0.0557455540355678
results/headroom/headroom_b30_lrc0.0001_noceskip/lane1/MobileNetV3/tissuemnist/L50_G50/tralo/seed_2,tissuemnist,L50_G50,MobileNetV3,2,tralo,1,86,4,58,0.42791533550486804,0.5930232558139535,0.2982456140350877,1248,0.6008333333333333,0.9999995,5.0,28.0,fully_satisfied,5.0,0.0,29,27,27,2,25,2,0.9259259259259259,4,4.0,0.06,1,0.32558139534883723,1,0.6744186046511628,3.488372093023256,2.813953488372093,6.232558139534884,0.38482688231431644,0.6065891472868217,0.23684210526315788,262.0,1900.0,0.0430884531905516,-0.01356589147286813
results/headroom/headroom_b30_lrc0.0001_noceskip/lane1/MobileNetV3/tissuemnist/L50_G50/tralo/seed_3,tissuemnist,L50_G50,MobileNetV3,3,tralo,1,86,4,63,0.3976203801948647,0.5232558139534884,0.2631578947368421,2291,0.12458333333333334,0.9805222,2.0,,nan,2.0,0.0,4,4,0,4,0,4,0.0,0,1.0,0.05,0,0.26744186046511625,1,0.5813953488372093,0.8837209302325582,0.3023255813953488,0.0,0.411828463207173,0.5691974464204286,0.22807017543859648,218.0,1539.0,-0.014208083012308304,-0.04594163246694016
results/headroom/headroom_b30_lrc0.0001_noceskip/lane1/MobileNetV3/tissuemnist/L50_G50/tralo/seed_4,tissuemnist,L50_G50,MobileNetV3,4,tralo,1,86,4,68,0.3278875194271938,0.45348837209302323,0.22807017543859648,1700,0.4325,0.99999905,2.0,15.0,fully_satisfied,2.0,0.0,29,14,24,5,9,5,0.6428571428571429,3,1.0,0.05,1,0.20930232558139536,1,0.29069767441860467,1.1744186046511629,0.8837209302325582,0.1744186046511628,0.38274006452985887,0.4990880072959416,0.19883040935672514,157.0,1249.0,-0.05485254510266507,-0.045599635202918376
results/headroom/headroom_b30_lrc0.0001_noceskip/lane2/RegNetY400MF/dermmnist/L30_G30/fioretto_ldf/seed_1,dermmnist,L30_G30,RegNetY400MF,1,fioretto_ldf,1,67,4,21,0.5673747534459136,0.835820895522388,0.25112107623318386,1987,0.03544682975536695,0.9999559,17.0,,nan,17.0,0.0,21,21,16,5,16,5,0.7619047619047619,1,17.0,9.217104,0,0.6865671641791045,0,,6.611940298507463,5.611940298507463,50.149253731343286,0.7013511596879296,0.8674040511727079,0.3452914798206278,170.0,1966.0,-0.133976406242016,-0.03158315565031988
results/headroom/headroom_b30_lrc0.0001_noceskip/lane2/RegNetY400MF/dermmnist/L30_G30/fioretto_ldf/seed_2,dermmnist,L30_G30,RegNetY400MF,2,fioretto_ldf,1,67,4,51,0.5571203326042151,0.7761194029850746,0.23318385650224216,1990,0.029955067398901646,0.9999887,15.0,,nan,15.0,0.0,19,19,14,5,14,5,0.7368421052631579,1,15.0,7.436964,0,0.23880597014925373,0,,6.2835820895522385,5.2835820895522385,39.37313432835821,0.640130894062552,0.7973747334754797,0.31614349775784756,184.0,1971.0,-0.08301056145833685,-0.021255330490405067
results/headroom/headroom_b30_lrc0.0001_noceskip/lane2/RegNetY400MF/dermmnist/L30_G30/fioretto_ldf/seed_3,dermmnist,L30_G30,RegNetY400MF,3,fioretto_ldf,1,67,4,51,0.6063083218708846,0.9104477611940298,0.273542600896861,1970,0.05591612581128307,0.9999888,16.0,,nan,16.0,0.0,20,20,15,5,15,5,0.75,1,16.0,9.420796,0,0.23880597014925373,0,,8.164179104477611,7.164179104477612,52.80597014925373,0.7020126218145958,0.8376199360341151,0.3318385650224215,153.0,1964.0,-0.09570429994371121,0.0728278251599147
results/headroom/headroom_b30_lrc0.0001_noceskip/lane2/RegNetY400MF/dermmnist/L30_G30/fioretto_ldf/seed_4,dermmnist,L30_G30,RegNetY400MF,4,fioretto_ldf,1,67,4,52,0.5004014913308018,0.7313432835820896,0.21973094170403587,1986,0.022466300549176237,0.99998,,,nan,16.0,2.0,29,29,29,0,29,0,1.0,0,,8.068637,0,0.22388059701492538,0,,5.537313432835821,4.507462686567164,43.40298507462686,0.7005271208528738,0.8510127931769722,0.33856502242152464,182.0,1972.0,-0.20012562952207202,-0.11966950959488265
results/headroom/headroom_b30_lrc0.0001_noceskip/lane2/RegNetY400MF/dermmnist/L30_G30/hounie_rcl/seed_1,dermmnist,L30_G30,RegNetY400MF,1,hounie_rcl,1,67,4,16,0.5090260122722069,0.8208955223880597,0.24663677130044842,1915,0.127309036445332,0.9998857,27.0,,nan,27.0,0.0,29,29,26,3,26,3,0.896551724137931,1,27.0,0.015795,0,0.7611940298507462,0,,7.059701492537314,6.059701492537314,90.11940298507463,0.7013511596879296,0.8674040511727079,0.3452914798206278,170.0,1966.0,-0.1923251474157227,-0.04650852878464817
results/headroom/headroom_b30_lrc0.0001_noceskip/lane2/RegNetY400MF/dermmnist/L30_G30/hounie_rcl/seed_2,dermmnist,L30_G30,RegNetY400MF,2,hounie_rcl,1,67,4,5,0.36470269415610734,0.4925373134328358,0.14798206278026907,1902,0.15776335496754867,0.9754242,21.0,,nan,21.0,0.0,25,25,20,5,20,5,0.8,1,21.0,0.010066,0,0.9253731343283582,0,,5.358208955223881,4.358208955223881,54.656716417910445,0.640130894062552,0.7973747334754797,0.31614349775784756,184.0,1971.0,-0.2754281999064446,-0.3048374200426439
results/headroom/headroom_b30_lrc0.0001_noceskip/lane2/RegNetY400MF/dermmnist/L30_G30/hounie_rcl/seed_3,dermmnist,L30_G30,RegNetY400MF,3,hounie_rcl,1,67,4,8,0.37381258850952215,0.6119402985074627,0.18385650224215247,1990,0.025961058412381426,0.995998,17.0,,nan,17.0,0.0,21,21,16,5,16,5,0.7619047619047619,1,17.0,0.008937,0,0.8805970149253731,0,,8.164179104477611,7.164179104477612,50.19402985074627,0.7020126218145958,0.8376199360341151,0.3318385650224215,153.0,1964.0,-0.32820003330507364,-0.22567963752665243
results/headroom/headroom_b30_lrc0.0001_noceskip/lane2/RegNetY400MF/dermmnist/L30_G30/hounie_rcl/seed_4,dermmnist,L30_G30,RegNetY400MF,4,hounie_rcl,1,67,4,9,0.34403368993858147,0.6417910447761194,0.19282511210762332,1950,0.04143784323514728,0.9993585,22.0,,nan,22.0,0.0,26,26,21,5,21,5,0.8076923076923077,1,22.0,0.0113,0,0.8656716417910447,0,,5.865671641791045,4.865671641791045,61.97014925373134,0.7005271208528738,0.8510127931769722,0.33856502242152464,182.0,1972.0,-0.35649343091429236,-0.20922174840085284
results/headroom/headroom_b30_lrc0.0001_noceskip/lane2/RegNetY400MF/dermmnist/L30_G30/tralo/seed_1,dermmnist,L30_G30,RegNetY400MF,1,tralo,1,67,4,124,0.6965820998089212,0.9552238805970149,0.28699551569506726,1942,0.10983524712930604,1.0,,,nan,7.0,156.0,29,29,29,0,29,0,1.0,0,,0.11,0,-0.8507462686567164,1,2.253731343283582,3.3582089552238807,1.1044776119402986,13.447761194029852,0.7013511596879296,0.8674040511727079,0.3452914798206278,170.0,1966.0,-0.0047690598790084415,0.087819829424307
results/headroom/headroom_b30_lrc0.0001_noceskip/lane2/RegNetY400MF/dermmnist/L30_G30/tralo/seed_2,dermmnist,L30_G30,RegNetY400MF,2,tralo,1,67,4,152,0.6376213629758776,0.8656716417910447,0.2600896860986547,2000,0.0,0.99989367,,5.0,min_excess,5.0,170.0,29,4,29,0,4,0,1.0,0,,0.11,1,-1.2686567164179106,1,2.2686567164179103,2.5671641791044775,0.29850746268656714,2.8358208955223883,0.640130894062552,0.7973747334754797,0.31614349775784756,184.0,1971.0,-0.002509531086674399,0.06829690831556501
results/headroom/headroom_b30_lrc0.0001_noceskip/lane2/RegNetY400MF/dermmnist/L30_G30/tralo/seed_3,dermmnist,L30_G30,RegNetY400MF,3,tralo,1,67,4,96,0.6039074658861605,0.8805970149253731,0.2645739910313901,2002,0.0,0.99773103,,4.0,min_excess,4.0,58.0,29,3,29,0,3,0,1.0,0,,0.11,1,-0.43283582089552236,1,4.582089552238806,4.582089552238806,0.0,3.582089552238806,0.7020126218145958,0.8376199360341151,0.3318385650224215,153.0,1964.0,-0.09810515592843527,0.042977078891258014
results/headroom/headroom_b30_lrc0.0001_noceskip/lane2/RegNetY400MF/dermmnist/L30_G30/tralo/seed_4,dermmnist,L30_G30,RegNetY400MF,4,tralo,1,67,4,90,0.6007235320556298,0.8208955223880597,0.24663677130044842,1955,0.08037943085371942,0.9999931,,,nan,30.0,46.0,29,29,29,0,29,0,1.0,0,,0.11,0,-0.34328358208955223,1,1.3432835820895523,3.044776119402985,1.7014925373134329,9.805970149253731,0.7005271208528738,0.8510127931769722,0.33856502242152464,182.0,1972.0,-0.09980358879724405,-0.030117270788912465
results/headroom/headroom_b30_lrc0.0001_noceskip/lane2/RegNetY400MF/octmnist/L30_G30/fioretto_ldf/seed_1,octmnist,L30_G30,RegNetY400MF,1,fioretto_ldf,1,75,2,125,0.6941591535566026,0.8666666666666667,0.26,975,0.087,0.999979,,15.0,min_excess,15.0,99.0,29,15,29,0,15,0,1.0,0,,15.7655,1,-0.6666666666666666,0,,5.013333333333334,2.6933333333333334,43.08,0.7130774306587018,0.8173333333333334,0.322,167.0,911.0,-0.018918277102099146,0.04933333333333334
results/headroom/headroom_b30_lrc0.0001_noceskip/lane2/RegNetY400MF/octmnist/L30_G30/fioretto_ldf/seed_2,octmnist,L30_G30,RegNetY400MF,2,fioretto_ldf,1,75,2,57,0.6921825660756759,0.88,0.264,875,0.252,0.999944,29.0,,nan,29.0,0.0,29,29,28,1,28,1,0.9655172413793104,1,29.0,12.276099,0,0.24,0,,4.906666666666666,3.9066666666666667,62.53333333333333,0.754518911767582,0.8453333333333333,0.33599999999999997,155.0,917.0,-0.06233634569190616,0.034666666666666734
results/headroom/headroom_b30_lrc0.0001_noceskip/lane2/RegNetY400MF/octmnist/L30_G30/fioretto_ldf/seed_3,octmnist,L30_G30,RegNetY400MF,3,fioretto_ldf,1,75,2,106,0.7169548360754253,0.8666666666666667,0.26,983,0.0,0.99831855,,3.0,min_excess,3.0,61.0,29,3,29,0,3,0,1.0,0,,14.73422,1,-0.41333333333333333,0,,4.746666666666667,2.933333333333333,5.8,0.680427716868293,0.8306666666666667,0.33,133.0,885.0,0.036527119207132364,0.03600000000000003
results/headroom/headroom_b30_lrc0.0001_noceskip/lane2/RegNetY400MF/octmnist/L30_G30/fioretto_ldf/seed_4,octmnist,L30_G30,RegNetY400MF,4,fioretto_ldf,1,75,2,127,0.7420239925268304,0.88,0.264,980,0.001,0.9999354,,7.0,min_excess,7.0,103.0,29,7,29,0,7,0,1.0,0,,13.515015,1,-0.6933333333333334,0,,4.64,2.2666666666666666,19.48,0.7490056135725762,0.8573333333333333,0.34199999999999997,163.0,928.0,-0.006981621045745845,0.022666666666666724
results/headroom/headroom_b30_lrc0.0001_noceskip/lane2/RegNetY400MF/octmnist/L30_G30/hounie_rcl/seed_1,octmnist,L30_G30,RegNetY400MF,1,hounie_rcl,1,75,2,107,0.7439418154228263,0.9066666666666666,0.272,914,0.172,0.99999917,,23.0,min_excess,23.0,63.0,29,23,29,0,23,0,1.0,0,,0.026427,1,-0.4266666666666667,0,,4.826666666666667,2.986666666666667,54.733333333333334,0.7130774306587018,0.8173333333333334,0.322,167.0,911.0,0.030864384764124564,0.08933333333333326
results/headroom/headroom_b30_lrc0.0001_noceskip/lane2/RegNetY400MF/octmnist/L30_G30/hounie_rcl/seed_2,octmnist,L30_G30,RegNetY400MF,2,hounie_rcl,1,75,2,108,0.7354033173452216,0.8666666666666667,0.26,980,0.002,0.9999815,,6.0,min_excess,6.0,65.0,29,6,29,0,6,0,1.0,0,,0.028363,1,-0.44,0,,4.56,2.6933333333333334,12.933333333333334,0.754518911767582,0.8453333333333333,0.33599999999999997,155.0,917.0,-0.019115594422360438,0.021333333333333426
results/headroom/headroom_b30_lrc0.0001_noceskip/lane2/RegNetY400MF/octmnist/L30_G30/hounie_rcl/seed_3,octmnist,L30_G30,RegNetY400MF,3,hounie_rcl,1,75,2,69,0.7309683404383006,0.8666666666666667,0.26,882,0.276,0.9999949,,,nan,29.0,63.0,29,29,29,0,29,0,1.0,0,,0.025368,0,0.08,0,,5.36,3.52,65.34666666666666,0.680427716868293,0.8306666666666667,0.33,133.0,885.0,0.05054062357000766,0.03600000000000003
results/headroom/headroom_b30_lrc0.0001_noceskip/lane2/RegNetY400MF/octmnist/L30_G30/hounie_rcl/seed_4,octmnist,L30_G30,RegNetY400MF,4,hounie_rcl,1,75,2,94,0.7363880807584706,0.88,0.264,900,0.223,0.99997807,,,nan,7.0,67.0,29,29,29,0,29,0,1.0,0,,0.028196,0,-0.25333333333333335,0,,5.333333333333333,3.44,74.36,0.7490056135725762,0.8573333333333333,0.34199999999999997,163.0,928.0,-0.012617532814105603,0.022666666666666724
results/headroom/headroom_b30_lrc0.0001_noceskip/lane2/RegNetY400MF/octmnist/L30_G30/tralo/seed_1,octmnist,L30_G30,RegNetY400MF,1,tralo,1,75,2,121,0.7520266239331184,0.92,0.276,916,0.169,0.9999877,,24.0,min_excess,24.0,91.0,29,23,29,0,23,0,1.0,0,,0.11,1,-0.6133333333333333,1,1.8666666666666667,2.84,0.9733333333333334,6.546666666666667,0.7130774306587018,0.8173333333333334,0.322,167.0,911.0,0.038949193274416594,0.10266666666666668
results/headroom/headroom_b30_lrc0.0001_noceskip/lane2/RegNetY400MF/octmnist/L30_G30/tralo/seed_2,octmnist,L30_G30,RegNetY400MF,2,tralo,1,75,2,124,0.7160146073244622,0.8666666666666667,0.26,915,0.22,0.9999999,,29.0,min_excess,29.0,97.0,29,28,29,0,28,0,1.0,0,,0.11,1,-0.6533333333333333,1,1.72,3.2133333333333334,1.4933333333333334,7.68,0.754518911767582,0.8453333333333333,0.33599999999999997,155.0,917.0,-0.03850430444311981,0.021333333333333426
results/headroom/headroom_b30_lrc0.0001_noceskip/lane2/RegNetY400MF/octmnist/L30_G30/tralo/seed_3,octmnist,L30_G30,RegNetY400MF,3,tralo,1,75,2,126,0.7009144846064651,0.8266666666666667,0.248,925,0.209,0.99999976,,,nan,10.0,101.0,29,29,29,0,29,0,1.0,0,,0.11,0,-0.68,1,1.68,2.9466666666666668,1.2666666666666666,8.866666666666667,0.680427716868293,0.8306666666666667,0.33,133.0,885.0,0.02048676773817215,-0.0040000000000000036
results/headroom/headroom_b30_lrc0.0001_noceskip/lane2/RegNetY400MF/octmnist/L30_G30/tralo/seed_4,octmnist,L30_G30,RegNetY400MF,4,tralo,1,75,2,89,0.7363577678094129,0.88,0.264,980,0.008,0.99959165,,8.0,min_excess,8.0,27.0,29,7,29,0,7,0,1.0,0,,0.11,1,-0.18666666666666668,1,2.4,2.506666666666667,0.10666666666666667,2.9066666666666667,0.7490056135725762,0.8573333333333333,0.34199999999999997,163.0,928.0,-0.012647845763163357,0.022666666666666724
results/headroom/headroom_b30_lrc0.0001_noceskip/lane2/RegNetY400MF/tissuemnist/L30_G30/fioretto_ldf/seed_1,tissuemnist,L30_G30,RegNetY400MF,1,fioretto_ldf,1,51,4,74,0.36602478743763034,0.5294117647058824,0.15789473684210525,2400,0.0,0.9671545,,5.0,min_excess,5.0,46.0,29,5,29,0,5,0,1.0,0,,21.250313,1,-0.45098039215686275,0,,7.549019607843137,5.647058823529412,23.215686274509803,0.3815545842815669,0.5637254901960784,0.21929824561403508,172.0,2394.0,-0.015529796843936572,-0.03431372549019607
results/headroom/headroom_b30_lrc0.0001_noceskip/lane2/RegNetY400MF/tissuemnist/L30_G30/fioretto_ldf/seed_2,tissuemnist,L30_G30,RegNetY400MF,2,fioretto_ldf,1,51,4,101,0.41595866292658606,0.6470588235294118,0.19298245614035087,2400,0.0,0.8684517,,2.0,min_excess,2.0,100.0,29,2,29,0,2,0,1.0,0,,18.932156,1,-0.9803921568627451,0,,7.196078431372549,4.235294117647059,8.156862745098039,0.3462893098101365,0.5168718650250798,0.20175438596491227,142.0,2385.0,0.06966935311644956,0.13018695850433204
results/headroom/headroom_b30_lrc0.0001_noceskip/lane2/RegNetY400MF/tissuemnist/L30_G30/fioretto_ldf/seed_3,tissuemnist,L30_G30,RegNetY400MF,3,fioretto_ldf,1,51,4,78,0.4160321002580541,0.6470588235294118,0.19298245614035087,2398,0.0,0.97070307,,3.0,min_excess,3.0,54.0,29,3,29,0,3,0,1.0,0,,18.468748,1,-0.5294117647058824,0,,5.196078431372549,3.1372549019607843,8.980392156862745,0.3973471766257748,0.5557455540355678,0.21929824561403508,210.0,2393.0,0.018684923632279304,0.091313269493844
results/headroom/headroom_b30_lrc0.0001_noceskip/lane2/RegNetY400MF/tissuemnist/L30_G30/fioretto_ldf/seed_4,tissuemnist,L30_G30,RegNetY400MF,4,fioretto_ldf,1,51,4,107,0.38487164601217827,0.5490196078431373,0.16374269005847952,2400,0.0,0.9998789,,8.0,min_excess,8.0,112.0,29,8,29,0,8,0,1.0,0,,20.499089,1,-1.0980392156862746,0,,7.862745098039215,4.666666666666667,36.15686274509804,0.4114904495777295,0.6084131326949385,0.23976608187134502,148.0,2391.0,-0.02661880356555124,-0.05939352485180116
results/headroom/headroom_b30_lrc0.0001_noceskip/lane2/RegNetY400MF/tissuemnist/L30_G30/hounie_rcl/seed_1,tissuemnist,L30_G30,RegNetY400MF,1,hounie_rcl,1,51,4,103,0.3865354881989905,0.5882352941176471,0.17543859649122806,2384,0.034583333333333334,0.99999976,,23.0,min_excess,23.0,104.0,29,23,29,0,23,0,1.0,0,,0.016624,1,-1.0196078431372548,0,,11.235294117647058,8.196078431372548,125.49019607843137,0.3815545842815669,0.5637254901960784,0.21929824561403508,172.0,2394.0,0.0049809039174235625,0.02450980392156865
results/headroom/headroom_b30_lrc0.0001_noceskip/lane2/RegNetY400MF/tissuemnist/L30_G30/hounie_rcl/seed_2,tissuemnist,L30_G30,RegNetY400MF,2,hounie_rcl,1,51,4,101,0.41595866292658606,0.6470588235294118,0.19298245614035087,2400,0.0,0.8684517,,2.0,min_excess,2.0,100.0,29,2,29,0,2,0,1.0,0,,0.015842,1,-0.9803921568627451,0,,7.196078431372549,4.235294117647059,8.156862745098039,0.3462893098101365,0.5168718650250798,0.20175438596491227,142.0,2385.0,0.06966935311644956,0.13018695850433204
results/headroom/headroom_b30_lrc0.0001_noceskip/lane2/RegNetY400MF/tissuemnist/L30_G30/hounie_rcl/seed_3,tissuemnist,L30_G30,RegNetY400MF,3,hounie_rcl,1,51,4,86,0.4429713849593309,0.5882352941176471,0.17543859649122806,2400,0.0,0.91689706,,3.0,min_excess,3.0,70.0,29,3,29,0,3,0,1.0,0,,0.016514,1,-0.6862745098039216,0,,5.196078431372549,2.823529411764706,9.294117647058824,0.3973471766257748,0.5557455540355678,0.21929824561403508,210.0,2393.0,0.04562420833355613,0.03248974008207928
results/headroom/headroom_b30_lrc0.0001_noceskip/lane2/RegNetY400MF/tissuemnist/L30_G30/hounie_rcl/seed_4,tissuemnist,L30_G30,RegNetY400MF,4,hounie_rcl,1,51,4,105,0.3562319557558725,0.5882352941176471,0.17543859649122806,2397,0.015,0.99998736,,22.0,min_excess,22.0,108.0,29,22,29,0,22,0,1.0,0,,0.016056,1,-1.0588235294117647,0,,10.92156862745098,7.803921568627451,121.45098039215686,0.4114904495777295,0.6084131326949385,0.23976608187134502,148.0,2391.0,-0.05525849382185699,-0.020177838577291385
results/headroom/headroom_b30_lrc0.0001_noceskip/lane2/RegNetY400MF/tissuemnist/L30_G30/tralo/seed_1,tissuemnist,L30_G30,RegNetY400MF,1,tralo,1,51,4,105,0.3517354705612637,0.5882352941176471,0.17543859649122806,2397,0.0033333333333333335,0.9999348,,17.0,min_excess,17.0,108.0,29,16,29,0,16,0,1.0,0,,0.11,1,-1.0588235294117647,1,2.843137254901961,6.0588235294117645,3.215686274509804,11.96078431372549,0.3815545842815669,0.5637254901960784,0.21929824561403508,172.0,2394.0,-0.029819113720303214,0.02450980392156865
results/headroom/headroom_b30_lrc0.0001_noceskip/lane2/RegNetY400MF/tissuemnist/L30_G30/tralo/seed_2,tissuemnist,L30_G30,RegNetY400MF,2,tralo,1,51,4,123,0.4170239495472287,0.6274509803921569,0.1871345029239766,2399,0.0,0.98395145,,5.0,min_excess,5.0,144.0,29,4,29,0,4,0,1.0,0,,0.11,1,-1.411764705882353,1,2.411764705882353,4.098039215686274,1.6862745098039216,4.509803921568627,0.3462893098101365,0.5168718650250798,0.20175438596491227,142.0,2385.0,0.07073463973709221,0.1105791153670771
results/headroom/headroom_b30_lrc0.0001_noceskip/lane2/RegNetY400MF/tissuemnist/L30_G30/tralo/seed_3,tissuemnist,L30_G30,RegNetY400MF,3,tralo,1,51,4,111,0.4104309011286234,0.5490196078431373,0.16374269005847952,2400,0.0,0.9559435,,4.0,min_excess,4.0,120.0,29,3,29,0,3,0,1.0,0,,0.11,1,-1.1764705882352942,1,3.0980392156862746,3.0980392156862746,0.0,2.0980392156862746,0.3973471766257748,0.5557455540355678,0.21929824561403508,210.0,2393.0,0.013083724502848615,-0.006725946192430499
results/headroom/headroom_b30_lrc0.0001_noceskip/lane2/RegNetY400MF/tissuemnist/L30_G30/tralo/seed_4,tissuemnist,L30_G30,RegNetY400MF,4,tralo,1,51,4,136,0.36359285552718557,0.5882352941176471,0.17543859649122806,2391,0.03875,0.9999962,,28.0,min_excess,28.0,170.0,29,27,29,0,27,0,1.0,0,,0.11,1,-1.6666666666666667,1,3.3529411764705883,5.0,1.6470588235294117,19.07843137254902,0.4114904495777295,0.6084131326949385,0.23976608187134502,148.0,2391.0,-0.047897594050543946,-0.020177838577291385
results/headroom/headroom_b30_lrc0.0001_noceskip/lane3/RegNetY400MF/dermmnist/L50_G50/fioretto_ldf/seed_1,dermmnist,L50_G50,RegNetY400MF,1,fioretto_ldf,1,112,4,91,0.6183982790447494,0.75,0.37668161434977576,1993,0.016475287069395907,0.9999746,16.0,,nan,16.0,0.0,20,20,15,5,15,5,0.75,1,16.0,6.337145,0,0.1875,0,,3.6339285714285716,2.6339285714285716,19.705357142857142,0.7013511596879296,0.8674040511727079,0.3452914798206278,170.0,1966.0,-0.08295288064318018,-0.11740405117270791
results/headroom/headroom_b30_lrc0.0001_noceskip/lane3/RegNetY400MF/dermmnist/L50_G50/fioretto_ldf/seed_2,dermmnist,L50_G50,RegNetY400MF,2,fioretto_ldf,1,112,4,69,0.618833706892146,0.7589285714285714,0.3811659192825112,1983,0.04792810783824263,0.99994516,18.0,,nan,18.0,0.0,22,22,17,5,17,5,0.7727272727272727,1,18.0,5.997639,0,0.38392857142857145,0,,3.3660714285714284,2.3660714285714284,18.598214285714285,0.640130894062552,0.7973747334754797,0.31614349775784756,184.0,1971.0,-0.021297187170405962,-0.038446162046908317
results/headroom/headroom_b30_lrc0.0001_noceskip/lane3/RegNetY400MF/dermmnist/L50_G50/fioretto_ldf/seed_3,dermmnist,L50_G50,RegNetY400MF,3,fioretto_ldf,1,112,4,48,0.6050725719671165,0.7678571428571429,0.38565022421524664,1976,0.046929605591612585,0.99998224,17.0,,nan,17.0,0.0,21,21,16,5,16,5,0.7619047619047619,1,17.0,6.6591,0,0.5714285714285714,0,,4.491071428571429,3.4910714285714284,22.044642857142858,0.7020126218145958,0.8376199360341151,0.3318385650224215,153.0,1964.0,-0.09694004984747928,-0.0697627931769722
results/headroom/headroom_b30_lrc0.0001_noceskip/lane3/RegNetY400MF/dermmnist/L50_G50/fioretto_ldf/seed_4,dermmnist,L50_G50,RegNetY400MF,4,fioretto_ldf,1,112,4,99,0.5969347987551573,0.7053571428571429,0.3542600896860987,1998,0.021467798302546182,0.9999944,15.0,,nan,15.0,0.0,19,19,14,5,14,5,0.7368421052631579,1,15.0,4.862887,0,0.11607142857142858,0,,2.919642857142857,1.9196428571428572,14.776785714285714,0.7005271208528738,0.8510127931769722,0.33856502242152464,182.0,1972.0,-0.10359232209771652,-0.1456556503198293
results/headroom/headroom_b30_lrc0.0001_noceskip/lane3/RegNetY400MF/dermmnist/L50_G50/hounie_rcl/seed_1,dermmnist,L50_G50,RegNetY400MF,1,hounie_rcl,1,112,4,42,0.5129203106947028,0.6964285714285714,0.34977578475336324,1959,0.08936595107338992,0.99985945,20.0,,nan,20.0,0.0,24,24,19,5,19,5,0.7916666666666666,1,20.0,0.007413,0,0.625,0,,3.2589285714285716,2.2589285714285716,23.107142857142858,0.7013511596879296,0.8674040511727079,0.3452914798206278,170.0,1966.0,-0.18843084899322682,-0.17097547974413652
results/headroom/headroom_b30_lrc0.0001_noceskip/lane3/RegNetY400MF/dermmnist/L50_G50/hounie_rcl/seed_2,dermmnist,L50_G50,RegNetY400MF,2,hounie_rcl,1,112,4,34,0.5211105933433501,0.7053571428571429,0.3542600896860987,1947,0.1163255117324014,0.99970055,25.0,,nan,25.0,0.0,29,29,24,5,24,5,0.8275862068965517,1,25.0,0.008477,0,0.6964285714285714,0,,3.169642857142857,2.169642857142857,26.741071428571427,0.640130894062552,0.7973747334754797,0.31614349775784756,184.0,1971.0,-0.11902030071920189,-0.09201759061833681
results/headroom/headroom_b30_lrc0.0001_noceskip/lane3/RegNetY400MF/dermmnist/L50_G50/hounie_rcl/seed_3,dermmnist,L50_G50,RegNetY400MF,3,hounie_rcl,1,112,4,28,0.5308312386335917,0.7321428571428571,0.36771300448430494,1945,0.10683974038941588,0.9999908,22.0,,nan,22.0,0.0,26,26,21,5,21,5,0.8076923076923077,1,22.0,0.007449,0,0.75,0,,4.491071428571429,3.4910714285714284,24.8125,0.7020126218145958,0.8376199360341151,0.3318385650224215,153.0,1964.0,-0.17118138318100407,-0.10547707889125801
results/headroom/headroom_b30_lrc0.0001_noceskip/lane3/RegNetY400MF/dermmnist/L50_G50/hounie_rcl/seed_4,dermmnist,L50_G50,RegNetY400MF,4,hounie_rcl,1,112,4,16,0.5026997410940586,0.6785714285714286,0.34080717488789236,1947,0.09136295556665003,0.99658465,22.0,,nan,22.0,0.0,26,26,21,5,21,5,0.8076923076923077,1,22.0,0.007456,0,0.8571428571428571,0,,3.419642857142857,2.419642857142857,23.508928571428573,0.7005271208528738,0.8510127931769722,0.33856502242152464,182.0,1972.0,-0.19782737975881526,-0.1724413646055436
results/headroom/headroom_b30_lrc0.0001_noceskip/lane3/RegNetY400MF/dermmnist/L50_G50/tralo/seed_1,dermmnist,L50_G50,RegNetY400MF,1,tralo,1,112,4,114,0.6470455530065607,0.7946428571428571,0.3991031390134529,1936,0.12231652521218173,0.99999344,,,nan,17.0,8.0,29,29,29,0,29,0,1.0,0,,0.11,0,-0.017857142857142856,1,1.2321428571428572,1.9821428571428572,0.75,4.241071428571429,0.7013511596879296,0.8674040511727079,0.3452914798206278,170.0,1966.0,-0.054305606681368856,-0.07276119402985082
results/headroom/headroom_b30_lrc0.0001_noceskip/lane3/RegNetY400MF/dermmnist/L50_G50/tralo/seed_2,dermmnist,L50_G50,RegNetY400MF,2,tralo,1,112,4,132,0.6200126260675138,0.7678571428571429,0.38565022421524664,1984,0.0399400898652022,0.9999964,,20.0,min_excess,20.0,41.0,29,19,29,0,19,0,1.0,0,,0.11,1,-0.17857142857142858,1,1.1785714285714286,1.8571428571428572,0.6785714285714286,2.830357142857143,0.640130894062552,0.7973747334754797,0.31614349775784756,184.0,1971.0,-0.02011826799503813,-0.02951759061833681
results/headroom/headroom_b30_lrc0.0001_noceskip/lane3/RegNetY400MF/dermmnist/L50_G50/tralo/seed_3,dermmnist,L50_G50,RegNetY400MF,3,tralo,1,112,4,116,0.630866696444342,0.7410714285714286,0.3721973094170404,2002,0.0,0.99819046,,4.0,min_excess,4.0,12.0,29,3,29,0,3,0,1.0,0,,0.11,1,-0.03571428571428571,1,2.7410714285714284,2.7410714285714284,0.0,1.7410714285714286,0.7020126218145958,0.8376199360341151,0.3318385650224215,153.0,1964.0,-0.07114592537025377,-0.0965485074626865
results/headroom/headroom_b30_lrc0.0001_noceskip/lane3/RegNetY400MF/dermmnist/L50_G50/tralo/seed_4,dermmnist,L50_G50,RegNetY400MF,4,tralo,1,112,4,112,0.6757518935962892,0.8392857142857143,0.42152466367713004,1928,0.13379930104842735,0.9999944,,,nan,11.0,15.0,29,29,29,0,29,0,1.0,0,,0.11,0,0.0,1,1.2053571428571428,2.232142857142857,1.0267857142857142,4.098214285714286,0.7005271208528738,0.8510127931769722,0.33856502242152464,182.0,1972.0,-0.024775227256584653,-0.011727078891257903
results/headroom/headroom_b30_lrc0.0001_noceskip/lane3/RegNetY400MF/octmnist/L50_G50/fioretto_ldf/seed_1,octmnist,L50_G50,RegNetY400MF,1,fioretto_ldf,1,125,2,134,0.7502314134286019,0.856,0.428,934,0.155,0.9999918,,24.0,min_excess,24.0,20.0,29,24,29,0,24,0,1.0,0,,8.872518,1,-0.072,0,,3.352,2.192,23.216,0.7130774306587018,0.8173333333333334,0.322,167.0,911.0,0.03715398276990012,0.03866666666666663
results/headroom/headroom_b30_lrc0.0001_noceskip/lane3/RegNetY400MF/octmnist/L50_G50/fioretto_ldf/seed_2,octmnist,L50_G50,RegNetY400MF,2,fioretto_ldf,1,125,2,81,0.7711450729600202,0.84,0.42,895,0.272,0.999998,26.0,26.0,fully_satisfied,26.0,0.0,29,26,28,1,25,1,0.9615384615384616,2,26.0,5.80123,1,0.352,0,,2.552,1.552,15.8,0.754518911767582,0.8453333333333333,0.33599999999999997,155.0,917.0,0.016626161192438205,-0.005333333333333301
results/headroom/headroom_b30_lrc0.0001_noceskip/lane3/RegNetY400MF/octmnist/L50_G50/fioretto_ldf/seed_3,octmnist,L50_G50,RegNetY400MF,3,fioretto_ldf,1,125,2,116,0.6524936729647852,0.736,0.368,974,0.065,0.99997973,3.0,18.0,fully_satisfied,3.0,0.0,29,18,25,4,14,4,0.7777777777777778,4,3.0,6.372962,1,0.072,0,,2.872,1.872,9.296,0.680427716868293,0.8306666666666667,0.33,133.0,885.0,-0.027934043903507733,-0.09466666666666668
results/headroom/headroom_b30_lrc0.0001_noceskip/lane3/RegNetY400MF/octmnist/L50_G50/fioretto_ldf/seed_4,octmnist,L50_G50,RegNetY400MF,4,fioretto_ldf,1,125,2,110,0.6985667867227979,0.768,0.384,968,0.115,0.99998355,15.0,17.0,fully_satisfied,15.0,0.0,29,17,27,2,15,2,0.8823529411764706,4,15.0,6.31548,1,0.12,0,,2.392,1.392,10.984,0.7490056135725762,0.8573333333333333,0.34199999999999997,163.0,928.0,-0.050438826849778295,-0.08933333333333326
results/headroom/headroom_b30_lrc0.0001_noceskip/lane3/RegNetY400MF/octmnist/L50_G50/hounie_rcl/seed_1,octmnist,L50_G50,RegNetY400MF,1,hounie_rcl,1,125,2,135,0.6936655776390206,0.752,0.376,977,0.109,0.99999905,,16.0,min_excess,16.0,20.0,29,16,29,0,16,0,1.0,0,,0.015889,1,-0.08,0,,2.904,1.744,12.88,0.7130774306587018,0.8173333333333334,0.322,167.0,911.0,-0.01941185301968118,-0.06533333333333335
results/headroom/headroom_b30_lrc0.0001_noceskip/lane3/RegNetY400MF/octmnist/L50_G50/hounie_rcl/seed_2,octmnist,L50_G50,RegNetY400MF,2,hounie_rcl,1,125,2,111,0.7359659590527486,0.8,0.4,882,0.274,0.99999976,3.0,27.0,fully_satisfied,3.0,0.0,29,27,24,5,22,5,0.8148148148148148,10,3.0,0.008697,1,0.112,0,,2.36,1.36,13.288,0.754518911767582,0.8453333333333333,0.33599999999999997,155.0,917.0,-0.01855295271483337,-0.045333333333333226
results/headroom/headroom_b30_lrc0.0001_noceskip/lane3/RegNetY400MF/octmnist/L50_G50/hounie_rcl/seed_3,octmnist,L50_G50,RegNetY400MF,3,hounie_rcl,1,125,2,115,0.6970791274014569,0.792,0.396,980,0.0,0.99983406,3.0,5.0,fully_satisfied,3.0,0.0,29,5,27,2,3,2,0.6,4,3.0,0.013855,1,0.08,0,,2.456,1.456,1.528,0.680427716868293,0.8306666666666667,0.33,133.0,885.0,0.01665141053316399,-0.03866666666666663
results/headroom/headroom_b30_lrc0.0001_noceskip/lane3/RegNetY400MF/octmnist/L50_G50/hounie_rcl/seed_4,octmnist,L50_G50,RegNetY400MF,4,hounie_rcl,1,125,2,99,0.7252840383350404,0.816,0.408,940,0.181,0.9999999,,,nan,9.0,2.0,29,29,29,0,29,0,1.0,0,,0.011981,0,0.208,0,,3.24,2.224,19.32,0.7490056135725762,0.8573333333333333,0.34199999999999997,163.0,928.0,-0.02372157523753582,-0.04133333333333333
results/headroom/headroom_b30_lrc0.0001_noceskip/lane3/RegNetY400MF/octmnist/L50_G50/tralo/seed_1,octmnist,L50_G50,RegNetY400MF,1,tralo,1,125,2,110,0.7562600735270854,0.848,0.424,960,0.118,0.9999994,16.0,16.0,fully_satisfied,16.0,0.0,29,15,28,1,14,1,0.9333333333333333,2,15.0,0.08,1,0.12,1,0.88,1.704,0.824,1.408,0.7130774306587018,0.8173333333333334,0.322,167.0,911.0,0.04318264286838358,0.03066666666666662
results/headroom/headroom_b30_lrc0.0001_noceskip/lane3/RegNetY400MF/octmnist/L50_G50/tralo/seed_2,octmnist,L50_G50,RegNetY400MF,2,tralo,1,125,2,108,0.7029863068889415,0.736,0.368,845,0.307,0.99995387,7.0,,nan,7.0,0.0,29,29,26,3,26,3,0.896551724137931,5,6.0,0.06,0,0.136,1,0.856,1.904,1.048,2.152,0.754518911767582,0.8453333333333333,0.33599999999999997,155.0,917.0,-0.05153260487864053,-0.10933333333333328
results/headroom/headroom_b30_lrc0.0001_noceskip/lane3/RegNetY400MF/octmnist/L50_G50/tralo/seed_3,octmnist,L50_G50,RegNetY400MF,3,tralo,1,125,2,109,0.6989346154196986,0.824,0.412,984,0.0,0.99815387,4.0,4.0,fully_satisfied,4.0,0.0,29,3,28,1,2,1,0.6666666666666666,2,3.0,0.05,1,0.128,1,0.872,1.728,0.856,0.728,0.680427716868293,0.8306666666666667,0.33,133.0,885.0,0.018506898551405637,-0.00666666666666671
results/headroom/headroom_b30_lrc0.0001_noceskip/lane3/RegNetY400MF/octmnist/L50_G50/tralo/seed_4,octmnist,L50_G50,RegNetY400MF,4,tralo,1,125,2,112,0.7575557892552348,0.824,0.412,911,0.236,0.9999888,8.0,,nan,8.0,0.0,29,29,26,3,26,3,0.896551724137931,6,7.0,0.06,0,0.104,1,0.608,2.24,1.632,2.44,0.7490056135725762,0.8573333333333333,0.34199999999999997,163.0,928.0,0.00855017568265859,-0.033333333333333326
results/headroom/headroom_b30_lrc0.0001_noceskip/lane3/RegNetY400MF/tissuemnist/L50_G50/fioretto_ldf/seed_1,tissuemnist,L50_G50,RegNetY400MF,1,fioretto_ldf,1,86,4,74,0.36602478743763034,0.46511627906976744,0.23391812865497075,2400,0.0,0.9671545,5.0,5.0,fully_satisfied,5.0,0.0,29,5,28,1,4,1,0.8,2,5.0,15.469774,1,0.13953488372093023,0,,4.069767441860465,3.0697674418604652,9.976744186046512,0.3815545842815669,0.5637254901960784,0.21929824561403508,172.0,2394.0,-0.015529796843936572,-0.09860921112631099
results/headroom/headroom_b30_lrc0.0001_noceskip/lane3/RegNetY400MF/tissuemnist/L50_G50/fioretto_ldf/seed_2,tissuemnist,L50_G50,RegNetY400MF,2,fioretto_ldf,1,86,4,101,0.41595866292658606,0.5348837209302325,0.26900584795321636,2400,0.0,0.8684517,,2.0,min_excess,2.0,30.0,29,2,29,0,2,0,1.0,0,,15.134693,1,-0.1744186046511628,0,,3.86046511627907,2.511627906976744,3.2093023255813953,0.3462893098101365,0.5168718650250798,0.20175438596491227,142.0,2385.0,0.06966935311644956,0.01801185590515275
results/headroom/headroom_b30_lrc0.0001_noceskip/lane3/RegNetY400MF/tissuemnist/L50_G50/fioretto_ldf/seed_3,tissuemnist,L50_G50,RegNetY400MF,3,fioretto_ldf,1,86,4,78,0.4160321002580541,0.5697674418604651,0.28654970760233917,2398,0.0,0.97070307,3.0,3.0,fully_satisfied,3.0,0.0,29,3,28,1,2,1,0.6666666666666666,2,3.0,13.275712,1,0.09302325581395349,0,,2.6744186046511627,1.6744186046511629,3.0697674418604652,0.3973471766257748,0.5557455540355678,0.21929824561403508,210.0,2393.0,0.018684923632279304,0.014021887824897328
results/headroom/headroom_b30_lrc0.0001_noceskip/lane3/RegNetY400MF/tissuemnist/L50_G50/fioretto_ldf/seed_4,tissuemnist,L50_G50,RegNetY400MF,4,fioretto_ldf,1,86,4,107,0.38487164601217827,0.5348837209302325,0.26900584795321636,2400,0.0,0.9998789,,8.0,min_excess,8.0,42.0,29,8,29,0,8,0,1.0,0,,14.240368,1,-0.2441860465116279,0,,4.255813953488372,2.7674418604651163,14.930232558139535,0.4114904495777295,0.6084131326949385,0.23976608187134502,148.0,2391.0,-0.02661880356555124,-0.07352941176470595
results/headroom/headroom_b30_lrc0.0001_noceskip/lane3/RegNetY400MF/tissuemnist/L50_G50/hounie_rcl/seed_1,tissuemnist,L50_G50,RegNetY400MF,1,hounie_rcl,1,86,4,81,0.3585065445090276,0.46511627906976744,0.23391812865497075,2399,0.0004166666666666667,0.99868864,,9.0,min_excess,9.0,3.0,29,9,29,0,9,0,1.0,0,,0.01144,1,0.05813953488372093,0,,7.4186046511627906,6.383720930232558,21.011627906976745,0.3815545842815669,0.5637254901960784,0.21929824561403508,172.0,2394.0,-0.02304803977253933,-0.09860921112631099
results/headroom/headroom_b30_lrc0.0001_noceskip/lane3/RegNetY400MF/tissuemnist/L50_G50/hounie_rcl/seed_2,tissuemnist,L50_G50,RegNetY400MF,2,hounie_rcl,1,86,4,101,0.41595866292658606,0.5348837209302325,0.26900584795321636,2400,0.0,0.8684517,,2.0,min_excess,2.0,30.0,29,2,29,0,2,0,1.0,0,,0.01376,1,-0.1744186046511628,0,,3.86046511627907,2.511627906976744,3.2093023255813953,0.3462893098101365,0.5168718650250798,0.20175438596491227,142.0,2385.0,0.06966935311644956,0.01801185590515275
results/headroom/headroom_b30_lrc0.0001_noceskip/lane3/RegNetY400MF/tissuemnist/L50_G50/hounie_rcl/seed_3,tissuemnist,L50_G50,RegNetY400MF,3,hounie_rcl,1,86,4,93,0.4244925949660376,0.5348837209302325,0.26900584795321636,2400,0.0,0.95624006,,3.0,min_excess,3.0,14.0,29,3,29,0,3,0,1.0,0,,0.011929,1,-0.08139534883720931,0,,2.6744186046511627,1.5116279069767442,3.2325581395348837,0.3973471766257748,0.5557455540355678,0.21929824561403508,210.0,2393.0,0.027145418340262795,-0.020861833105335292
results/headroom/headroom_b30_lrc0.0001_noceskip/lane3/RegNetY400MF/tissuemnist/L50_G50/hounie_rcl/seed_4,tissuemnist,L50_G50,RegNetY400MF,4,hounie_rcl,1,86,4,102,0.3541704193938009,0.47674418604651164,0.23976608187134502,2399,0.0008333333333333334,0.99994874,,9.0,min_excess,9.0,32.0,29,9,29,0,9,0,1.0,0,,0.011583,1,-0.18604651162790697,0,,4.0,2.627906976744186,14.813953488372093,0.4114904495777295,0.6084131326949385,0.23976608187134502,148.0,2391.0,-0.057320030183928616,-0.13166894664842682
results/headroom/headroom_b30_lrc0.0001_noceskip/lane3/RegNetY400MF/tissuemnist/L50_G50/tralo/seed_1,tissuemnist,L50_G50,RegNetY400MF,1,tralo,1,86,4,100,0.3974722289625047,0.5348837209302325,0.26900584795321636,2400,0.0,0.97483623,,6.0,min_excess,6.0,28.0,29,5,29,0,5,0,1.0,0,,0.11,1,-0.16279069767441862,1,1.686046511627907,2.8255813953488373,1.1395348837209303,2.511627906976744,0.3815545842815669,0.5637254901960784,0.21929824561403508,172.0,2394.0,0.015917644680937815,-0.028841769265845918
results/headroom/headroom_b30_lrc0.0001_noceskip/lane3/RegNetY400MF/tissuemnist/L50_G50/tralo/seed_2,tissuemnist,L50_G50,RegNetY400MF,2,tralo,1,86,4,114,0.4229122626676135,0.5232558139534884,0.2631578947368421,2400,0.0,0.88923424,,3.0,min_excess,3.0,56.0,29,2,29,0,2,0,1.0,0,,0.11,1,-0.32558139534883723,1,2.4302325581395348,2.4302325581395348,0.0,1.430232558139535,0.3462893098101365,0.5168718650250798,0.20175438596491227,142.0,2385.0,0.076622952857477,0.006383948928408656
results/headroom/headroom_b30_lrc0.0001_noceskip/lane3/RegNetY400MF/tissuemnist/L50_G50/tralo/seed_3,tissuemnist,L50_G50,RegNetY400MF,3,tralo,1,86,4,82,0.333484059597683,0.4883720930232558,0.24561403508771928,2400,0.0,0.99836344,,7.0,min_excess,7.0,3.0,29,6,29,0,6,0,1.0,0,,0.11,1,0.046511627906976744,1,1.8372093023255813,2.186046511627907,0.3488372093023256,2.0232558139534884,0.3973471766257748,0.5557455540355678,0.21929824561403508,210.0,2393.0,-0.06386311702809178,-0.06737346101231201
results/headroom/headroom_b30_lrc0.0001_noceskip/lane3/RegNetY400MF/tissuemnist/L50_G50/tralo/seed_4,tissuemnist,L50_G50,RegNetY400MF,4,tralo,1,86,4,91,0.3578201538927332,0.5116279069767442,0.2573099415204678,2400,0.0004166666666666667,0.99997497,,11.0,min_excess,11.0,11.0,29,10,29,0,10,0,1.0,0,,0.11,1,-0.05813953488372093,1,2.4069767441860463,2.604651162790698,0.19767441860465115,4.511627906976744,0.4114904495777295,0.6084131326949385,0.23976608187134502,148.0,2391.0,-0.053670295684996316,-0.09678522571819426
