dataset,model,cap,seed,dir,K,budget,warm,cep,last_ep,n_rows,truncated,n_sat,n_gsat,ever_sat,first_sat,last_sat,r_last,r_min,r_max,r_first,cnt_last,cnt_min,cross,cross_grid,swing_all,swing_grid,above_all,above_grid,n_grid,lam_last,lam_first,ce_last,ce_first,soft_last,raw_cnt,sat_ep_ev,best_sat_ep,min_exc_ep,min_exc,restored_ep,restore_kind,raw_exc,flips,raw_all_sat,unspent
dermmnist,MobileNetV3,L30_G30,1,results/headroom/headroom_b30_lrc0.0001_noceskip/lane0/MobileNetV3/dermmnist/L30_G30/tralo/seed_1,67.0,30,1,29,30.0,7,0,0,0,0,,,1.4179104477611941,1.0149253731343284,2.1791044776119404,2.1791044776119404,95.0,68.0,0,0,0.5447761194029851,0.4208955223880597,1.0,1.0,6,0.11,0.05,0.010808,0.481815,92.43,68,,,6.0,3.0,6.0,min_excess,3.0,3.0,0.0,-1.0
dermmnist,MobileNetV3,L30_G30,2,results/headroom/headroom_b30_lrc0.0001_noceskip/lane0/MobileNetV3/dermmnist/L30_G30/tralo/seed_2,67.0,30,1,29,30.0,8,0,1,1,1,6.0,6.0,1.373134328358209,0.9402985074626866,2.2388059701492535,2.08955223880597,92.0,63.0,2,0,0.6183368869936035,0.45970149253731346,0.875,1.0,6,0.06,0.05,0.007822,0.465939,100.96,63,6.0,6.0,6.0,0.0,6.0,fully_satisfied,0.0,4.0,1.0,4.0
dermmnist,MobileNetV3,L30_G30,3,results/headroom/headroom_b30_lrc0.0001_noceskip/lane0/MobileNetV3/dermmnist/L30_G30/tralo/seed_3,67.0,30,1,29,30.0,8,0,1,1,1,13.0,13.0,1.507462686567164,0.7313432835820896,4.0,4.0,101.0,49.0,2,0,0.7654584221748401,0.4925373134328358,0.875,1.0,6,0.07,0.05,0.013064,0.468678,102.15,49,13.0,13.0,13.0,0.0,13.0,fully_satisfied,0.0,18.0,1.0,18.0
dermmnist,MobileNetV3,L30_G30,4,results/headroom/headroom_b30_lrc0.0001_noceskip/lane0/MobileNetV3/dermmnist/L30_G30/tralo/seed_4,67.0,30,1,29,30.0,7,0,0,0,0,,,1.626865671641791,1.0746268656716418,2.5970149253731343,2.5970149253731343,109.0,72.0,0,0,0.77363184079602,0.7432835820895521,1.0,1.0,6,0.11,0.05,0.009167,0.480407,109.99,72,,,10.0,13.0,10.0,min_excess,13.0,11.0,0.0,-5.0
octmnist,MobileNetV3,L30_G30,1,results/headroom/headroom_b30_lrc0.0001_noceskip/lane0/MobileNetV3/octmnist/L30_G30/tralo/seed_1,75.0,30,1,29,30.0,8,0,1,1,1,3.0,3.0,1.6666666666666667,0.56,3.24,3.24,125.0,42.0,2,0,0.9180952380952382,0.4106666666666667,0.875,1.0,6,0.05,0.05,0.019466,0.410681,131.46,42,3.0,3.0,3.0,0.0,3.0,fully_satisfied,0.0,0.0,1.0,33.0
octmnist,MobileNetV3,L30_G30,2,results/headroom/headroom_b30_lrc0.0001_noceskip/lane0/MobileNetV3/octmnist/L30_G30/tralo/seed_2,75.0,30,1,29,30.0,8,0,1,1,1,3.0,3.0,2.84,0.7333333333333333,3.04,1.4,213.0,55.0,2,0,0.7885714285714286,0.7066666666666667,0.875,1.0,6,0.05,0.05,0.011245,0.414535,211.64,55,3.0,3.0,3.0,0.0,3.0,fully_satisfied,0.0,0.0,1.0,20.0
octmnist,MobileNetV3,L30_G30,3,results/headroom/headroom_b30_lrc0.0001_noceskip/lane0/MobileNetV3/octmnist/L30_G30/tralo/seed_3,75.0,30,1,29,30.0,7,0,0,0,0,,,1.8,1.7733333333333334,3.1466666666666665,3.1466666666666665,135.0,133.0,0,0,0.5888888888888889,0.4746666666666667,1.0,1.0,6,0.11,0.05,0.016168,0.402271,137.95,77,,,12.0,4.0,12.0,min_excess,4.0,2.0,0.0,-2.0
octmnist,MobileNetV3,L30_G30,4,results/headroom/headroom_b30_lrc0.0001_noceskip/lane0/MobileNetV3/octmnist/L30_G30/tralo/seed_4,75.0,30,1,29,30.0,7,0,0,0,0,,,1.7466666666666666,1.0266666666666666,3.16,1.7466666666666666,131.0,77.0,0,0,0.8666666666666667,0.9786666666666668,1.0,1.0,6,0.11,0.05,0.022861,0.407532,131.86,77,,,10.0,8.0,10.0,min_excess,8.0,6.0,0.0,-2.0
tissuemnist,MobileNetV3,L30_G30,1,results/headroom/headroom_b30_lrc0.0001_noceskip/lane0/MobileNetV3/tissuemnist/L30_G30/tralo/seed_1,51.0,30,1,29,30.0,7,0,1,1,1,2.0,2.0,4.098039215686274,0.6862745098039216,4.8431372549019605,0.6862745098039216,209.0,35.0,1,0,1.065359477124183,1.203921568627451,0.8571428571428571,1.0,6,0.05,0.05,0.027931,1.102201,213.86,35,2.0,2.0,2.0,0.0,2.0,fully_satisfied,0.0,16.0,1.0,16.0
tissuemnist,MobileNetV3,L30_G30,2,results/headroom/headroom_b30_lrc0.0001_noceskip/lane0/MobileNetV3/tissuemnist/L30_G30/tralo/seed_2,51.0,30,1,29,30.0,7,0,0,0,0,,,2.0980392156862746,1.6470588235294117,4.980392156862745,4.980392156862745,107.0,84.0,0,0,0.9967320261437909,0.5294117647058824,1.0,1.0,6,0.11,0.05,0.032971,1.096688,105.8,73,,,29.0,44.0,29.0,min_excess,44.0,22.0,0.0,-22.0
tissuemnist,MobileNetV3,L30_G30,3,results/headroom/headroom_b30_lrc0.0001_noceskip/lane0/MobileNetV3/tissuemnist/L30_G30/tralo/seed_3,51.0,30,1,29,30.0,9,0,2,2,1,9.0,17.0,2.372549019607843,0.5882352941176471,3.980392156862745,1.4901960784313726,121.0,30.0,4,0,1.5416666666666667,1.43921568627451,0.7777777777777778,1.0,6,0.06,0.05,0.02691,1.07426,123.71,36,9.0,17.0,9.0,0.0,17.0,fully_satisfied,0.0,15.0,1.0,15.0
tissuemnist,MobileNetV3,L30_G30,4,results/headroom/headroom_b30_lrc0.0001_noceskip/lane0/MobileNetV3/tissuemnist/L30_G30/tralo/seed_4,51.0,30,1,29,30.0,8,0,3,3,1,2.0,5.0,2.764705882352941,0.49019607843137253,3.9607843137254903,0.49019607843137253,141.0,25.0,1,1,0.9467787114845938,1.2588235294117647,0.625,0.8333333333333334,6,0.05,0.05,0.014856,1.088043,146.23,42,2.0,5.0,2.0,0.0,5.0,fully_satisfied,0.0,9.0,1.0,9.0
dermmnist,MobileNetV3,L50_G50,1,results/headroom/headroom_b30_lrc0.0001_noceskip/lane1/MobileNetV3/dermmnist/L50_G50/tralo/seed_1,112.0,30,1,29,30.0,13,0,6,7,1,4.0,26.0,0.9017857142857143,0.7053571428571429,1.7767857142857142,1.3035714285714286,101.0,79.0,9,1,0.5200892857142857,0.37678571428571433,0.46153846153846156,0.8333333333333334,6,0.05,0.05,0.003776,0.481815,101.19,80,4.0,26.0,4.0,0.0,26.0,fully_satisfied,0.0,31.0,1.0,32.0
dermmnist,MobileNetV3,L50_G50,2,results/headroom/headroom_b30_lrc0.0001_noceskip/lane1/MobileNetV3/dermmnist/L50_G50/tralo/seed_2,112.0,30,1,29,30.0,16,0,10,10,1,3.0,30.0,0.7678571428571429,0.6607142857142857,2.3392857142857144,1.25,86.0,74.0,11,1,0.4761904761904762,0.6535714285714286,0.375,0.8333333333333334,6,0.05,0.05,0.003582,0.465939,83.39,95,3.0,30.0,3.0,0.0,,nan,0.0,16.0,1.0,17.0
dermmnist,MobileNetV3,L50_G50,3,results/headroom/headroom_b30_lrc0.0001_noceskip/lane1/MobileNetV3/dermmnist/L50_G50/tralo/seed_3,112.0,30,1,29,30.0,11,0,5,5,1,10.0,26.0,1.0625,0.7321428571428571,2.5089285714285716,2.392857142857143,119.0,82.0,8,2,0.53125,0.6464285714285715,0.5454545454545454,0.8333333333333334,6,0.06,0.05,0.01279,0.468678,117.61,99,10.0,26.0,10.0,0.0,,nan,0.0,12.0,1.0,13.0
dermmnist,MobileNetV3,L50_G50,4,results/headroom/headroom_b30_lrc0.0001_noceskip/lane1/MobileNetV3/dermmnist/L50_G50/tralo/seed_4,112.0,30,1,29,30.0,14,0,7,7,1,4.0,23.0,1.1607142857142858,0.5892857142857143,2.142857142857143,1.5535714285714286,130.0,66.0,10,0,0.7005494505494506,0.5285714285714286,0.5,1.0,6,0.05,0.05,0.00765,0.480407,131.49,66,4.0,23.0,4.0,0.0,23.0,fully_satisfied,0.0,45.0,1.0,46.0
octmnist,MobileNetV3,L50_G50,1,results/headroom/headroom_b30_lrc0.0001_noceskip/lane1/MobileNetV3/octmnist/L50_G50/tralo/seed_1,125.0,30,1,29,30.0,11,0,4,5,1,3.0,28.0,0.96,0.424,1.944,1.944,120.0,53.0,7,1,0.42960000000000004,0.1776,0.5454545454545454,0.8333333333333334,6,0.05,0.05,0.029405,0.410681,123.07,103,3.0,28.0,3.0,0.0,,nan,0.0,22.0,1.0,22.0
octmnist,MobileNetV3,L50_G50,2,results/headroom/headroom_b30_lrc0.0001_noceskip/lane1/MobileNetV3/octmnist/L50_G50/tralo/seed_2,125.0,30,1,29,30.0,12,0,7,9,1,3.0,22.0,1.304,0.376,1.44,0.84,163.0,47.0,3,3,0.26036363636363635,0.2896,0.25,0.5,6,0.05,0.05,0.013689,0.414535,163.92,99,3.0,22.0,3.0,0.0,22.0,fully_satisfied,0.0,26.0,1.0,26.0
octmnist,MobileNetV3,L50_G50,3,results/headroom/headroom_b30_lrc0.0001_noceskip/lane1/MobileNetV3/octmnist/L50_G50/tralo/seed_3,125.0,30,1,29,30.0,11,0,5,5,1,8.0,26.0,1.144,0.856,1.888,1.888,143.0,107.0,8,2,0.5384,0.3952,0.5454545454545454,0.8333333333333334,6,0.06,0.05,0.00991,0.402271,137.74,108,8.0,26.0,8.0,0.0,26.0,fully_satisfied,0.0,17.0,1.0,17.0
octmnist,MobileNetV3,L50_G50,4,results/headroom/headroom_b30_lrc0.0001_noceskip/lane1/MobileNetV3/octmnist/L50_G50/tralo/seed_4,125.0,30,1,29,30.0,9,0,3,3,1,5.0,14.0,1.344,0.608,2.24,1.048,168.0,76.0,4,1,0.559,0.5824,0.6666666666666666,0.8333333333333334,6,0.06,0.05,0.016336,0.407532,169.97,122,5.0,14.0,5.0,0.0,14.0,fully_satisfied,0.0,3.0,1.0,3.0
tissuemnist,MobileNetV3,L50_G50,1,results/headroom/headroom_b30_lrc0.0001_noceskip/lane1/MobileNetV3/tissuemnist/L50_G50/tralo/seed_1,86.0,30,1,29,30.0,7,0,2,2,1,2.0,5.0,1.186046511627907,0.4069767441860465,2.988372093023256,0.4069767441860465,102.0,35.0,1,1,0.9903100775193799,1.1627906976744187,0.7142857142857143,0.8333333333333334,6,0.05,0.05,0.01362,1.102201,106.41,46,2.0,5.0,2.0,0.0,5.0,fully_satisfied,0.0,40.0,1.0,40.0
tissuemnist,MobileNetV3,L50_G50,2,results/headroom/headroom_b30_lrc0.0001_noceskip/lane1/MobileNetV3/tissuemnist/L50_G50/tralo/seed_2,86.0,30,1,29,30.0,8,0,2,2,1,5.0,28.0,1.1046511627906976,0.6744186046511628,3.488372093023256,2.953488372093023,95.0,58.0,4,1,1.1445182724252492,1.0069767441860464,0.75,0.8333333333333334,6,0.06,0.05,0.020682,1.096688,97.96,58,5.0,28.0,5.0,0.0,28.0,fully_satisfied,0.0,28.0,1.0,28.0
tissuemnist,MobileNetV3,L50_G50,3,results/headroom/headroom_b30_lrc0.0001_noceskip/lane1/MobileNetV3/tissuemnist/L50_G50/tralo/seed_3,86.0,30,1,29,5.0,4,1,4,4,1,2.0,5.0,0.5813953488372093,0.5813953488372093,0.8837209302325582,0.8837209302325582,50.0,50.0,0,0,0.10077519379844961,,0.0,0.0,1,0.05,0.05,0.577662,1.07426,98.0,63,2.0,6.0,2.0,0.0,,nan,0.0,23.0,1.0,23.0
tissuemnist,MobileNetV3,L50_G50,4,results/headroom/headroom_b30_lrc0.0001_noceskip/lane1/MobileNetV3/tissuemnist/L50_G50/tralo/seed_4,86.0,30,1,29,30.0,9,0,5,5,1,2.0,15.0,1.197674418604651,0.29069767441860467,1.430232558139535,0.29069767441860467,103.0,25.0,3,3,0.29941860465116277,0.3511627906976744,0.4444444444444444,0.6666666666666666,6,0.05,0.05,0.018242,1.088043,111.44,68,2.0,15.0,2.0,0.0,15.0,fully_satisfied,0.0,18.0,1.0,18.0
dermmnist,RegNetY400MF,L30_G30,1,results/headroom/headroom_b30_lrc0.0001_noceskip/lane2/RegNetY400MF/dermmnist/L30_G30/tralo/seed_1,67.0,30,1,29,30.0,7,0,0,0,0,,,2.253731343283582,2.253731343283582,3.3582089552238807,3.3134328358208953,151.0,151.0,0,0,0.3706467661691542,0.3582089552238806,1.0,1.0,6,0.11,0.05,0.004035,0.469585,156.51,124,,,7.0,156.0,,nan,114.0,57.0,0.0,-57.0
dermmnist,RegNetY400MF,L30_G30,2,results/headroom/headroom_b30_lrc0.0001_noceskip/lane2/RegNetY400MF/dermmnist/L30_G30/tralo/seed_2,67.0,30,1,29,30.0,7,0,0,0,0,,,2.8805970149253732,2.2686567164179103,3.253731343283582,2.5671641791044775,193.0,152.0,0,0,0.27611940298507465,0.2716417910447761,1.0,1.0,6,0.11,0.05,0.007726,0.497525,199.7,152,,,5.0,170.0,5.0,min_excess,170.0,85.0,0.0,-85.0
dermmnist,RegNetY400MF,L30_G30,3,results/headroom/headroom_b30_lrc0.0001_noceskip/lane2/RegNetY400MF/dermmnist/L30_G30/tralo/seed_3,67.0,30,1,29,30.0,7,0,0,0,0,,,2.791044776119403,2.1343283582089554,4.582089552238806,4.582089552238806,187.0,143.0,0,0,0.5422885572139304,0.2865671641791045,1.0,1.0,6,0.11,0.05,0.010555,0.486292,189.88,96,,,4.0,58.0,4.0,min_excess,58.0,31.0,0.0,-29.0
dermmnist,RegNetY400MF,L30_G30,4,results/headroom/headroom_b30_lrc0.0001_noceskip/lane2/RegNetY400MF/dermmnist/L30_G30/tralo/seed_4,67.0,30,1,29,30.0,7,0,0,0,0,,,1.3432835820895523,1.3432835820895523,3.044776119402985,2.656716417910448,90.0,90.0,0,0,0.6567164179104478,0.6029850746268657,1.0,1.0,6,0.11,0.05,0.015794,0.450824,91.46,90,,,30.0,46.0,,nan,46.0,23.0,0.0,-23.0
octmnist,RegNetY400MF,L30_G30,1,results/headroom/headroom_b30_lrc0.0001_noceskip/lane2/RegNetY400MF/octmnist/L30_G30/tralo/seed_1,75.0,30,1,29,30.0,7,0,0,0,0,,,2.12,1.8666666666666667,2.84,1.8933333333333333,159.0,140.0,0,0,0.5844444444444444,0.5226666666666667,1.0,1.0,6,0.11,0.05,0.020307,0.453289,166.75,121,,,24.0,91.0,24.0,min_excess,91.0,46.0,0.0,-46.0
octmnist,RegNetY400MF,L30_G30,2,results/headroom/headroom_b30_lrc0.0001_noceskip/lane2/RegNetY400MF/octmnist/L30_G30/tralo/seed_2,75.0,30,1,29,30.0,7,0,0,0,0,,,1.9466666666666668,1.72,3.2133333333333334,2.44,146.0,129.0,0,0,0.54,0.5973333333333333,1.0,1.0,6,0.11,0.05,0.020363,0.451029,147.68,124,,,29.0,97.0,29.0,min_excess,97.0,49.0,0.0,-49.0
octmnist,RegNetY400MF,L30_G30,3,results/headroom/headroom_b30_lrc0.0001_noceskip/lane2/RegNetY400MF/octmnist/L30_G30/tralo/seed_3,75.0,30,1,29,30.0,7,0,0,0,0,,,1.8933333333333333,1.68,2.9466666666666668,2.88,142.0,126.0,0,0,0.7377777777777778,0.7173333333333333,1.0,1.0,6,0.11,0.05,0.022022,0.478893,145.32,126,,,10.0,101.0,,nan,101.0,51.0,0.0,-51.0
octmnist,RegNetY400MF,L30_G30,4,results/headroom/headroom_b30_lrc0.0001_noceskip/lane2/RegNetY400MF/octmnist/L30_G30/tralo/seed_4,75.0,30,1,29,30.0,7,0,0,0,0,,,2.6666666666666665,1.24,2.6666666666666665,2.506666666666667,200.0,93.0,0,0,0.4533333333333333,0.5226666666666667,1.0,1.0,6,0.11,0.05,0.023351,0.455922,201.69,89,,,8.0,27.0,8.0,min_excess,27.0,14.0,0.0,-14.0
tissuemnist,RegNetY400MF,L30_G30,1,results/headroom/headroom_b30_lrc0.0001_noceskip/lane2/RegNetY400MF/tissuemnist/L30_G30/tralo/seed_1,51.0,30,1,29,30.0,7,0,0,0,0,,,2.5098039215686274,2.5098039215686274,6.0588235294117645,2.843137254901961,128.0,128.0,0,0,1.9313725490196079,1.6745098039215687,1.0,1.0,6,0.11,0.05,0.038481,1.12025,136.22,105,,,17.0,108.0,17.0,min_excess,108.0,54.0,0.0,-54.0
tissuemnist,RegNetY400MF,L30_G30,2,results/headroom/headroom_b30_lrc0.0001_noceskip/lane2/RegNetY400MF/tissuemnist/L30_G30/tralo/seed_2,51.0,30,1,29,30.0,7,0,0,0,0,,,6.196078431372549,2.411764705882353,6.196078431372549,4.098039215686274,316.0,123.0,0,0,1.3692810457516338,1.3058823529411763,1.0,1.0,6,0.11,0.05,0.040804,1.173995,310.51,123,,,5.0,144.0,5.0,min_excess,144.0,72.0,0.0,-72.0
tissuemnist,RegNetY400MF,L30_G30,3,results/headroom/headroom_b30_lrc0.0001_noceskip/lane2/RegNetY400MF/tissuemnist/L30_G30/tralo/seed_3,51.0,30,1,29,30.0,7,0,0,0,0,,,3.450980392156863,2.7450980392156863,3.784313725490196,3.0980392156862746,176.0,140.0,0,0,0.4967320261437908,0.5686274509803921,1.0,1.0,6,0.11,0.05,0.034039,1.160072,177.96,111,,,4.0,120.0,4.0,min_excess,120.0,60.0,0.0,-60.0
tissuemnist,RegNetY400MF,L30_G30,4,results/headroom/headroom_b30_lrc0.0001_noceskip/lane2/RegNetY400MF/tissuemnist/L30_G30/tralo/seed_4,51.0,30,1,29,30.0,7,0,0,0,0,,,3.803921568627451,3.3529411764705883,5.0,4.215686274509804,194.0,171.0,0,0,0.9967320261437909,1.023529411764706,1.0,1.0,6,0.11,0.05,0.045378,1.097908,195.66,136,,,28.0,170.0,28.0,min_excess,170.0,85.0,0.0,-85.0
dermmnist,RegNetY400MF,L50_G50,1,results/headroom/headroom_b30_lrc0.0001_noceskip/lane3/RegNetY400MF/dermmnist/L50_G50/tralo/seed_1,112.0,30,1,29,30.0,7,0,0,0,0,,,1.2321428571428572,1.2321428571428572,1.9821428571428572,1.9821428571428572,138.0,138.0,0,0,0.1994047619047619,0.2089285714285714,1.0,1.0,6,0.11,0.05,0.009108,0.469585,138.3,114,,,17.0,8.0,,nan,7.0,9.0,0.0,-2.0
dermmnist,RegNetY400MF,L50_G50,2,results/headroom/headroom_b30_lrc0.0001_noceskip/lane3/RegNetY400MF/dermmnist/L50_G50/tralo/seed_2,112.0,30,1,29,30.0,7,0,0,0,0,,,1.8214285714285714,1.1785714285714286,1.8571428571428572,1.5357142857142858,204.0,132.0,0,0,0.28273809523809523,0.3339285714285714,1.0,1.0,6,0.11,0.05,0.016269,0.497525,212.03,132,,,20.0,41.0,20.0,min_excess,41.0,21.0,0.0,-20.0
dermmnist,RegNetY400MF,L50_G50,3,results/headroom/headroom_b30_lrc0.0001_noceskip/lane3/RegNetY400MF/dermmnist/L50_G50/tralo/seed_3,112.0,30,1,29,30.0,7,0,0,0,0,,,2.294642857142857,1.4732142857142858,2.7410714285714284,2.7410714285714284,257.0,165.0,0,0,0.4851190476190476,0.32857142857142857,1.0,1.0,6,0.11,0.05,0.004565,0.486292,256.62,116,,,4.0,12.0,4.0,min_excess,12.0,15.0,0.0,-4.0
dermmnist,RegNetY400MF,L50_G50,4,results/headroom/headroom_b30_lrc0.0001_noceskip/lane3/RegNetY400MF/dermmnist/L50_G50/tralo/seed_4,112.0,30,1,29,30.0,7,0,0,0,0,,,1.3928571428571428,1.2053571428571428,2.232142857142857,1.5892857142857142,156.0,135.0,0,0,0.39285714285714285,0.3946428571428572,1.0,1.0,6,0.11,0.05,0.010219,0.450824,161.22,112,,,11.0,15.0,,nan,4.0,7.0,0.0,0.0
octmnist,RegNetY400MF,L50_G50,1,results/headroom/headroom_b30_lrc0.0001_noceskip/lane3/RegNetY400MF/octmnist/L50_G50/tralo/seed_1,125.0,30,1,29,30.0,8,0,1,1,1,16.0,16.0,2.04,0.88,2.04,1.136,255.0,110.0,2,0,0.392,0.3584,0.875,1.0,6,0.08,0.05,0.011734,0.453289,251.94,110,16.0,16.0,16.0,0.0,16.0,fully_satisfied,0.0,15.0,1.0,15.0
octmnist,RegNetY400MF,L50_G50,2,results/headroom/headroom_b30_lrc0.0001_noceskip/lane3/RegNetY400MF/octmnist/L50_G50/tralo/seed_2,125.0,30,1,29,30.0,9,0,3,3,1,7.0,30.0,0.88,0.856,1.904,1.464,110.0,107.0,5,1,0.405,0.2432,0.6666666666666666,0.8333333333333334,6,0.06,0.05,0.023276,0.451029,107.48,108,7.0,30.0,7.0,0.0,,nan,0.0,17.0,1.0,17.0
octmnist,RegNetY400MF,L50_G50,3,results/headroom/headroom_b30_lrc0.0001_noceskip/lane3/RegNetY400MF/octmnist/L50_G50/tralo/seed_3,125.0,30,1,29,30.0,8,0,1,1,1,4.0,4.0,1.184,0.872,1.728,1.728,148.0,109.0,2,0,0.44114285714285717,0.3808,0.875,1.0,6,0.05,0.05,0.018497,0.478893,152.56,109,4.0,4.0,4.0,0.0,4.0,fully_satisfied,0.0,16.0,1.0,16.0
octmnist,RegNetY400MF,L50_G50,4,results/headroom/headroom_b30_lrc0.0001_noceskip/lane3/RegNetY400MF/octmnist/L50_G50/tralo/seed_4,125.0,30,1,29,30.0,9,0,3,4,1,8.0,22.0,1.128,0.608,2.24,1.504,141.0,76.0,6,2,0.553,0.4688,0.5555555555555556,0.6666666666666666,6,0.06,0.05,0.017271,0.455922,139.56,112,8.0,22.0,8.0,0.0,,nan,0.0,13.0,1.0,13.0
tissuemnist,RegNetY400MF,L50_G50,1,results/headroom/headroom_b30_lrc0.0001_noceskip/lane3/RegNetY400MF/tissuemnist/L50_G50/tralo/seed_1,86.0,30,1,29,30.0,7,0,0,0,0,,,2.395348837209302,1.686046511627907,3.511627906976744,1.686046511627907,206.0,145.0,0,0,0.7848837209302325,0.713953488372093,1.0,1.0,6,0.11,0.05,0.036044,1.12025,208.41,100,,,6.0,28.0,6.0,min_excess,28.0,26.0,0.0,-14.0
tissuemnist,RegNetY400MF,L50_G50,2,results/headroom/headroom_b30_lrc0.0001_noceskip/lane3/RegNetY400MF/tissuemnist/L50_G50/tralo/seed_2,86.0,30,1,29,30.0,7,0,0,0,0,,,2.895348837209302,1.697674418604651,2.941860465116279,2.4302325581395348,249.0,146.0,0,0,0.44961240310077516,0.4093023255813954,1.0,1.0,6,0.11,0.05,0.042677,1.173995,248.09,114,,,3.0,56.0,3.0,min_excess,56.0,42.0,0.0,-28.0
tissuemnist,RegNetY400MF,L50_G50,3,results/headroom/headroom_b30_lrc0.0001_noceskip/lane3/RegNetY400MF/tissuemnist/L50_G50/tralo/seed_3,86.0,30,1,29,30.0,7,0,0,0,0,,,1.5930232558139534,1.2093023255813953,2.488372093023256,1.8372093023255813,137.0,104.0,0,0,0.44379844961240306,0.46279069767441855,1.0,1.0,6,0.11,0.05,0.038951,1.160072,141.85,82,,,7.0,3.0,7.0,min_excess,3.0,10.0,0.0,4.0
tissuemnist,RegNetY400MF,L50_G50,4,results/headroom/headroom_b30_lrc0.0001_noceskip/lane3/RegNetY400MF/tissuemnist/L50_G50/tralo/seed_4,86.0,30,1,29,30.0,7,0,0,0,0,,,2.744186046511628,1.5813953488372092,2.813953488372093,2.5,236.0,136.0,0,0,0.436046511627907,0.5046511627906977,1.0,1.0,6,0.11,0.05,0.032707,1.097908,237.16,91,,,11.0,11.0,11.0,min_excess,11.0,11.0,0.0,-5.0
