campaign,dataset,cap,model,seed,method,sweep,arm,warmup,cepochs,lr,lr_c,ce_skip,K,count_raw,count_adj,sat,AP,ccF1adj,ccF1eq,macroAdj,macroEq,path
results/pending_runs/warmup1_probe,dermmnist,L30_G30,MobileNetV3,1,hounie_rcl,,,1,300,0.0001,5e-06,,67,37,67,0,0.47432099499589836,0.3586206896551724,0.3586206896551724,0.6766255289061955,0.6766255289061955,results/pending_runs/warmup1_probe/MobileNetV3/dermmnist/L30_G30/w1/hounie_rcl/seed_1
results/pending_runs/warmup1_probe,dermmnist,L30_G30,MobileNetV3,2,hounie_rcl,,,1,300,0.0001,5e-06,,67,38,67,0,0.45670887371272323,0.33793103448275863,0.33793103448275863,0.6759686901458197,0.6759686901458197,results/pending_runs/warmup1_probe/MobileNetV3/dermmnist/L30_G30/w1/hounie_rcl/seed_2
results/pending_runs/warmup1_probe,dermmnist,L30_G30,MobileNetV3,1,tralo,,,1,300,0.0001,5e-06,True,67,64,67,0,0.5156974658638589,0.3724137931034483,0.3724137931034483,0.685803659035885,0.6886042508929842,results/pending_runs/warmup1_probe/MobileNetV3/dermmnist/L30_G30/w1/tralo/seed_1
results/pending_runs/warmup1_probe,dermmnist,L30_G30,MobileNetV3,2,tralo,,,1,300,0.0001,5e-06,True,67,61,67,0,0.5027209758271308,0.35172413793103446,0.3586206896551724,0.6881078211887192,0.6896970899792709,results/pending_runs/warmup1_probe/MobileNetV3/dermmnist/L30_G30/w1/tralo/seed_2
results/pending_runs/warmup1_probe,dermmnist,L30_G30,MobileNetV3,1,danits_lp,,,1,300,0.0001,5e-06,,67,79,67,0,0.45167280581571234,0.23448275862068965,0.30344827586206896,0.2858898821534413,0.2999014280464539,results/pending_runs/warmup1_probe/MobileNetV3/dermmnist/L30_G30/w1/danits_lp/seed_1
results/pending_runs/warmup1_probe,dermmnist,L30_G30,MobileNetV3,2,danits_lp,,,1,300,0.0001,5e-06,,67,134,67,0,0.49073807944262976,0.33793103448275863,0.3448275862068966,0.347217412839285,0.34794990854872926,results/pending_runs/warmup1_probe/MobileNetV3/dermmnist/L30_G30/w1/danits_lp/seed_2
results/pending_runs/warmup1_probe,dermmnist,L30_G30,MobileNetV3,1,fioretto_ldf,,,1,300,0.0001,5e-06,,67,59,67,0,0.5197086270308896,0.3724137931034483,0.3724137931034483,0.692400264823994,0.692400264823994,results/pending_runs/warmup1_probe/MobileNetV3/dermmnist/L30_G30/w1/fioretto_ldf/seed_1
results/pending_runs/warmup1_probe,dermmnist,L30_G30,MobileNetV3,2,fioretto_ldf,,,1,300,0.0001,5e-06,,67,54,67,0,0.5065391011731499,0.35172413793103446,0.35172413793103446,0.6835852262221389,0.6835852262221389,results/pending_runs/warmup1_probe/MobileNetV3/dermmnist/L30_G30/w1/fioretto_ldf/seed_2
results/pending_runs/warmup1_probe,dermmnist,L30_G30,MobileNetV3,1,tralo_bounded,,,1,300,0.0001,5e-06,True,67,58,67,0,0.5170932638632078,0.3586206896551724,0.3586206896551724,0.6888873633137236,0.6888873633137236,results/pending_runs/warmup1_probe/MobileNetV3/dermmnist/L30_G30/w1/tralo_bounded/seed_1
results/pending_runs/warmup1_probe,dermmnist,L30_G30,MobileNetV3,2,tralo_bounded,,,1,300,0.0001,5e-06,True,67,54,67,0,0.5016730954663317,0.35172413793103446,0.35172413793103446,0.6882748529744909,0.6882748529744909,results/pending_runs/warmup1_probe/MobileNetV3/dermmnist/L30_G30/w1/tralo_bounded/seed_2
results/pending_runs/warmup1_probe,dermmnist,L30_G30,MobileNetV3,1,heuristic,,,1,300,0.0001,5e-06,,67,79,67,0,0.45167280581571234,0.30344827586206896,0.30344827586206896,0.2999014280464539,0.2999014280464539,results/pending_runs/warmup1_probe/MobileNetV3/dermmnist/L30_G30/w1/heuristic/seed_1
results/pending_runs/warmup1_probe,dermmnist,L30_G30,MobileNetV3,2,heuristic,,,1,300,0.0001,5e-06,,67,134,67,0,0.49073807944262976,0.3448275862068966,0.3448275862068966,0.34794990854872926,0.34794990854872926,results/pending_runs/warmup1_probe/MobileNetV3/dermmnist/L30_G30/w1/heuristic/seed_2
results/pending_runs/warmup1_probe,dermmnist,L50_G50,MobileNetV3,1,hounie_rcl,,,1,300,0.0001,5e-06,,112,66,111,0,0.5301104479123588,0.46107784431137727,0.46107784431137727,0.7092267525339101,0.7092267525339101,results/pending_runs/warmup1_probe/MobileNetV3/dermmnist/L50_G50/w1/hounie_rcl/seed_1
results/pending_runs/warmup1_probe,dermmnist,L50_G50,MobileNetV3,2,hounie_rcl,,,1,300,0.0001,5e-06,,112,72,111,0,0.5392654816534744,0.4431137724550898,0.4431137724550898,0.6867397913743606,0.6867397913743606,results/pending_runs/warmup1_probe/MobileNetV3/dermmnist/L50_G50/w1/hounie_rcl/seed_2
results/pending_runs/warmup1_probe,dermmnist,L50_G50,MobileNetV3,1,tralo,,,1,300,0.0001,5e-06,True,112,107,111,0,0.5811390473325028,0.49101796407185627,0.49700598802395207,0.7352455089590243,0.7410270493265652,results/pending_runs/warmup1_probe/MobileNetV3/dermmnist/L50_G50/w1/tralo/seed_1
results/pending_runs/warmup1_probe,dermmnist,L50_G50,MobileNetV3,2,tralo,,,1,300,0.0001,5e-06,True,112,111,111,1,0.5604136902009585,0.46706586826347307,0.46706586826347307,0.6947705774931948,0.6954691454289266,results/pending_runs/warmup1_probe/MobileNetV3/dermmnist/L50_G50/w1/tralo/seed_2
results/pending_runs/warmup1_probe,dermmnist,L50_G50,MobileNetV3,1,danits_lp,,,1,300,0.0001,5e-06,,112,79,79,1,0.45167280581571234,0.23841059602649006,0.39520958083832336,0.2855968552674731,0.31390465842636406,results/pending_runs/warmup1_probe/MobileNetV3/dermmnist/L50_G50/w1/danits_lp/seed_1
results/pending_runs/warmup1_probe,dermmnist,L50_G50,MobileNetV3,2,danits_lp,,,1,300,0.0001,5e-06,,112,134,107,0,0.49073807944262976,0.3939393939393939,0.4311377245508982,0.35366068779383114,0.35917189261674476,results/pending_runs/warmup1_probe/MobileNetV3/dermmnist/L50_G50/w1/danits_lp/seed_2
results/pending_runs/warmup1_probe,dermmnist,L50_G50,MobileNetV3,1,fioretto_ldf,,,1,300,0.0001,5e-06,,112,103,111,0,0.5702961425655411,0.48502994011976047,0.48502994011976047,0.7245519369360649,0.7245519369360649,results/pending_runs/warmup1_probe/MobileNetV3/dermmnist/L50_G50/w1/fioretto_ldf/seed_1
results/pending_runs/warmup1_probe,dermmnist,L50_G50,MobileNetV3,2,fioretto_ldf,,,1,300,0.0001,5e-06,,112,101,111,0,0.5624284529692483,0.47305389221556887,0.47305389221556887,0.7020846871463242,0.7020846871463242,results/pending_runs/warmup1_probe/MobileNetV3/dermmnist/L50_G50/w1/fioretto_ldf/seed_2
results/pending_runs/warmup1_probe,dermmnist,L50_G50,MobileNetV3,1,tralo_bounded,,,1,300,0.0001,5e-06,True,112,102,111,0,0.5731964558715297,0.49101796407185627,0.49101796407185627,0.724002421043941,0.724002421043941,results/pending_runs/warmup1_probe/MobileNetV3/dermmnist/L50_G50/w1/tralo_bounded/seed_1
results/pending_runs/warmup1_probe,dermmnist,L50_G50,MobileNetV3,2,tralo_bounded,,,1,300,0.0001,5e-06,True,112,100,111,0,0.5662031845042498,0.46107784431137727,0.46107784431137727,0.6945168591565689,0.6945168591565689,results/pending_runs/warmup1_probe/MobileNetV3/dermmnist/L50_G50/w1/tralo_bounded/seed_2
results/pending_runs/warmup1_probe,dermmnist,L50_G50,MobileNetV3,1,heuristic,,,1,300,0.0001,5e-06,,112,79,111,0,0.45167280581571234,0.39520958083832336,0.39520958083832336,0.31390465842636406,0.31390465842636406,results/pending_runs/warmup1_probe/MobileNetV3/dermmnist/L50_G50/w1/heuristic/seed_1
results/pending_runs/warmup1_probe,dermmnist,L50_G50,MobileNetV3,2,heuristic,,,1,300,0.0001,5e-06,,112,134,111,0,0.49073807944262976,0.4311377245508982,0.4311377245508982,0.35917189261674476,0.35917189261674476,results/pending_runs/warmup1_probe/MobileNetV3/dermmnist/L50_G50/w1/heuristic/seed_2
results/pending_runs/warmup1_probe,tissuemnist,L30_G30,MobileNetV3,1,hounie_rcl,,,1,300,0.0001,5e-06,,51,31,51,0,0.2860958282620883,0.24324324324324326,0.24324324324324326,0.3618457423383707,0.3618457423383707,results/pending_runs/warmup1_probe/MobileNetV3/tissuemnist/L30_G30/w1/hounie_rcl/seed_1
results/pending_runs/warmup1_probe,tissuemnist,L30_G30,MobileNetV3,2,hounie_rcl,,,1,300,0.0001,5e-06,,51,30,51,0,0.2752639543020872,0.24324324324324326,0.24324324324324326,0.3926609437012272,0.3926609437012272,results/pending_runs/warmup1_probe/MobileNetV3/tissuemnist/L30_G30/w1/hounie_rcl/seed_2
results/pending_runs/warmup1_probe,tissuemnist,L30_G30,MobileNetV3,1,tralo,,,1,300,0.0001,5e-06,True,51,48,51,0,0.2932203992926878,0.24324324324324326,0.24324324324324326,0.3893974906129353,0.3893974906129353,results/pending_runs/warmup1_probe/MobileNetV3/tissuemnist/L30_G30/w1/tralo/seed_1
results/pending_runs/warmup1_probe,tissuemnist,L30_G30,MobileNetV3,2,tralo,,,1,300,0.0001,5e-06,True,51,47,51,0,0.3142572757541482,0.24324324324324326,0.24324324324324326,0.3885238879694843,0.3885238879694843,results/pending_runs/warmup1_probe/MobileNetV3/tissuemnist/L30_G30/w1/tralo/seed_2
results/pending_runs/warmup1_probe,tissuemnist,L30_G30,MobileNetV3,1,danits_lp,,,1,300,0.0001,5e-06,,51,153,51,0,0.21801241785852032,0.15315315315315314,0.13513513513513514,0.18874486074328672,0.18373273886332075,results/pending_runs/warmup1_probe/MobileNetV3/tissuemnist/L30_G30/w1/danits_lp/seed_1
results/pending_runs/warmup1_probe,tissuemnist,L30_G30,MobileNetV3,2,danits_lp,,,1,300,0.0001,5e-06,,51,457,51,0,0.3290613922150012,0.26126126126126126,0.21621621621621623,0.28478114966925494,0.2755938469045507,results/pending_runs/warmup1_probe/MobileNetV3/tissuemnist/L30_G30/w1/danits_lp/seed_2
results/pending_runs/warmup1_probe,tissuemnist,L30_G30,MobileNetV3,1,fioretto_ldf,,,1,300,0.0001,5e-06,,51,45,51,0,0.30050331628662186,0.23423423423423423,0.23423423423423423,0.3829232129387843,0.3829166006934543,results/pending_runs/warmup1_probe/MobileNetV3/tissuemnist/L30_G30/w1/fioretto_ldf/seed_1
results/pending_runs/warmup1_probe,tissuemnist,L30_G30,MobileNetV3,2,fioretto_ldf,,,1,300,0.0001,5e-06,,51,39,51,0,0.28446048950735264,0.24324324324324326,0.24324324324324326,0.4001038162635142,0.4001038162635142,results/pending_runs/warmup1_probe/MobileNetV3/tissuemnist/L30_G30/w1/fioretto_ldf/seed_2
results/pending_runs/warmup1_probe,tissuemnist,L30_G30,MobileNetV3,1,tralo_bounded,,,1,300,0.0001,5e-06,True,51,48,51,0,0.30305046456630413,0.22522522522522523,0.23423423423423423,0.3849380988336925,0.3857489568809251,results/pending_runs/warmup1_probe/MobileNetV3/tissuemnist/L30_G30/w1/tralo_bounded/seed_1
results/pending_runs/warmup1_probe,tissuemnist,L30_G30,MobileNetV3,2,tralo_bounded,,,1,300,0.0001,5e-06,True,51,34,51,0,0.28814129414196954,0.24324324324324326,0.24324324324324326,0.39116622375249877,0.39116622375249877,results/pending_runs/warmup1_probe/MobileNetV3/tissuemnist/L30_G30/w1/tralo_bounded/seed_2
results/pending_runs/warmup1_probe,tissuemnist,L30_G30,MobileNetV3,1,heuristic,,,1,300,0.0001,5e-06,,51,153,51,0,0.21801241785852032,0.13513513513513514,0.13513513513513514,0.18373273886332075,0.18373273886332075,results/pending_runs/warmup1_probe/MobileNetV3/tissuemnist/L30_G30/w1/heuristic/seed_1
results/pending_runs/warmup1_probe,tissuemnist,L30_G30,MobileNetV3,2,heuristic,,,1,300,0.0001,5e-06,,51,457,51,0,0.3290613922150012,0.21621621621621623,0.21621621621621623,0.2755938469045507,0.2755938469045507,results/pending_runs/warmup1_probe/MobileNetV3/tissuemnist/L30_G30/w1/heuristic/seed_2
results/pending_runs/warmup1_probe,tissuemnist,L50_G50,MobileNetV3,1,hounie_rcl,,,1,300,0.0001,5e-06,,86,70,86,0,0.3109890158707671,0.3346303501945525,0.3346303501945525,0.39646252932278725,0.39646252932278725,results/pending_runs/warmup1_probe/MobileNetV3/tissuemnist/L50_G50/w1/hounie_rcl/seed_1
results/pending_runs/warmup1_probe,tissuemnist,L50_G50,MobileNetV3,2,hounie_rcl,,,1,300,0.0001,5e-06,,86,61,86,0,0.3159084790897624,0.35019455252918286,0.35019455252918286,0.41737941196955575,0.41737941196955575,results/pending_runs/warmup1_probe/MobileNetV3/tissuemnist/L50_G50/w1/hounie_rcl/seed_2
results/pending_runs/warmup1_probe,tissuemnist,L50_G50,MobileNetV3,1,tralo,,,1,300,0.0001,5e-06,True,86,75,86,0,0.31488548535864763,0.32684824902723736,0.3346303501945525,0.39780388794443866,0.3992101604510406,results/pending_runs/warmup1_probe/MobileNetV3/tissuemnist/L50_G50/w1/tralo/seed_1
results/pending_runs/warmup1_probe,tissuemnist,L50_G50,MobileNetV3,2,tralo,,,1,300,0.0001,5e-06,True,86,82,86,0,0.32794174557972555,0.35797665369649806,0.35797665369649806,0.4214006331355438,0.4214006331355438,results/pending_runs/warmup1_probe/MobileNetV3/tissuemnist/L50_G50/w1/tralo/seed_2
results/pending_runs/warmup1_probe,tissuemnist,L50_G50,MobileNetV3,1,danits_lp,,,1,300,0.0001,5e-06,,86,153,86,0,0.21801241785852032,0.1867704280155642,0.19455252918287938,0.1866807479358595,0.18942705767238704,results/pending_runs/warmup1_probe/MobileNetV3/tissuemnist/L50_G50/w1/danits_lp/seed_1
results/pending_runs/warmup1_probe,tissuemnist,L50_G50,MobileNetV3,2,danits_lp,,,1,300,0.0001,5e-06,,86,457,86,0,0.3290613922150012,0.31906614785992216,0.2723735408560311,0.29064204842834795,0.2777273972259066,results/pending_runs/warmup1_probe/MobileNetV3/tissuemnist/L50_G50/w1/danits_lp/seed_2
results/pending_runs/warmup1_probe,tissuemnist,L50_G50,MobileNetV3,1,fioretto_ldf,,,1,300,0.0001,5e-06,,86,77,86,0,0.31668905678042525,0.32684824902723736,0.32684824902723736,0.3980251044592573,0.3985172304435093,results/pending_runs/warmup1_probe/MobileNetV3/tissuemnist/L50_G50/w1/fioretto_ldf/seed_1
results/pending_runs/warmup1_probe,tissuemnist,L50_G50,MobileNetV3,2,fioretto_ldf,,,1,300,0.0001,5e-06,,86,74,86,0,0.33337049640526284,0.3735408560311284,0.3735408560311284,0.41858660761418565,0.41858660761418565,results/pending_runs/warmup1_probe/MobileNetV3/tissuemnist/L50_G50/w1/fioretto_ldf/seed_2
results/pending_runs/warmup1_probe,tissuemnist,L50_G50,MobileNetV3,1,tralo_bounded,,,1,300,0.0001,5e-06,True,86,78,86,0,0.3173491941608348,0.3424124513618677,0.3424124513618677,0.3933929987607696,0.3929778992133076,results/pending_runs/warmup1_probe/MobileNetV3/tissuemnist/L50_G50/w1/tralo_bounded/seed_1
results/pending_runs/warmup1_probe,tissuemnist,L50_G50,MobileNetV3,2,tralo_bounded,,,1,300,0.0001,5e-06,True,86,73,86,0,0.3209095906839771,0.35019455252918286,0.35019455252918286,0.42252640926782375,0.42252640926782375,results/pending_runs/warmup1_probe/MobileNetV3/tissuemnist/L50_G50/w1/tralo_bounded/seed_2
results/pending_runs/warmup1_probe,tissuemnist,L50_G50,MobileNetV3,1,heuristic,,,1,300,0.0001,5e-06,,86,153,86,0,0.21801241785852032,0.19455252918287938,0.19455252918287938,0.18942705767238704,0.18942705767238704,results/pending_runs/warmup1_probe/MobileNetV3/tissuemnist/L50_G50/w1/heuristic/seed_1
results/pending_runs/warmup1_probe,tissuemnist,L50_G50,MobileNetV3,2,heuristic,,,1,300,0.0001,5e-06,,86,457,86,0,0.3290613922150012,0.2723735408560311,0.2723735408560311,0.2777273972259066,0.2777273972259066,results/pending_runs/warmup1_probe/MobileNetV3/tissuemnist/L50_G50/w1/heuristic/seed_2
results/pending_runs/warmup1_probe,dermmnist,L30_G30,RegNetY400MF,1,hounie_rcl,,,1,300,0.0001,5e-06,,67,22,67,0,0.4623339706931587,0.3586206896551724,0.3586206896551724,0.6189882748669131,0.6189882748669131,results/pending_runs/warmup1_probe/RegNetY400MF/dermmnist/L30_G30/w1/hounie_rcl/seed_1
results/pending_runs/warmup1_probe,dermmnist,L30_G30,RegNetY400MF,2,hounie_rcl,,,1,300,0.0001,5e-06,,67,24,67,0,0.5093266073709445,0.3586206896551724,0.3586206896551724,0.6297546398503922,0.6297546398503922,results/pending_runs/warmup1_probe/RegNetY400MF/dermmnist/L30_G30/w1/hounie_rcl/seed_2
results/pending_runs/warmup1_probe,dermmnist,L30_G30,RegNetY400MF,1,tralo,,,1,300,0.0001,5e-06,True,67,61,67,0,0.5459500584694235,0.3931034482758621,0.3931034482758621,0.6498504763699343,0.6498504763699343,results/pending_runs/warmup1_probe/RegNetY400MF/dermmnist/L30_G30/w1/tralo/seed_1
results/pending_runs/warmup1_probe,dermmnist,L30_G30,RegNetY400MF,2,tralo,,,1,300,0.0001,5e-06,True,67,59,67,0,0.5669733233166803,0.3793103448275862,0.3724137931034483,0.6223607560565082,0.6201976617964774,results/pending_runs/warmup1_probe/RegNetY400MF/dermmnist/L30_G30/w1/tralo/seed_2
results/pending_runs/warmup1_probe,dermmnist,L30_G30,RegNetY400MF,1,danits_lp,,,1,300,0.0001,5e-06,,67,194,67,0,0.5057186883340847,0.31724137931034485,0.31724137931034485,0.3705342707914526,0.36949874106981034,results/pending_runs/warmup1_probe/RegNetY400MF/dermmnist/L30_G30/w1/danits_lp/seed_1
results/pending_runs/warmup1_probe,dermmnist,L30_G30,RegNetY400MF,2,danits_lp,,,1,300,0.0001,5e-06,,67,146,67,0,0.4268894164839495,0.3103448275862069,0.296551724137931,0.32825341018729637,0.32406020145333575,results/pending_runs/warmup1_probe/RegNetY400MF/dermmnist/L30_G30/w1/danits_lp/seed_2
results/pending_runs/warmup1_probe,dermmnist,L30_G30,RegNetY400MF,1,fioretto_ldf,,,1,300,0.0001,5e-06,,67,52,67,0,0.539241525231941,0.3793103448275862,0.3793103448275862,0.6470369970511081,0.6470369970511081,results/pending_runs/warmup1_probe/RegNetY400MF/dermmnist/L30_G30/w1/fioretto_ldf/seed_1
results/pending_runs/warmup1_probe,dermmnist,L30_G30,RegNetY400MF,2,fioretto_ldf,,,1,300,0.0001,5e-06,,67,53,67,0,0.5579825599493728,0.3724137931034483,0.3724137931034483,0.629121739003606,0.629121739003606,results/pending_runs/warmup1_probe/RegNetY400MF/dermmnist/L30_G30/w1/fioretto_ldf/seed_2
results/pending_runs/warmup1_probe,dermmnist,L30_G30,RegNetY400MF,1,tralo_bounded,,,1,300,0.0001,5e-06,True,67,62,67,0,0.5551963510312768,0.3931034482758621,0.4,0.6361081364139948,0.6381401382697088,results/pending_runs/warmup1_probe/RegNetY400MF/dermmnist/L30_G30/w1/tralo_bounded/seed_1
results/pending_runs/warmup1_probe,dermmnist,L30_G30,RegNetY400MF,2,tralo_bounded,,,1,300,0.0001,5e-06,True,67,49,67,0,0.5576527231057108,0.3793103448275862,0.3793103448275862,0.6343382217731477,0.6343382217731477,results/pending_runs/warmup1_probe/RegNetY400MF/dermmnist/L30_G30/w1/tralo_bounded/seed_2
results/pending_runs/warmup1_probe,dermmnist,L30_G30,RegNetY400MF,1,heuristic,,,1,300,0.0001,5e-06,,67,194,67,0,0.5057186883340847,0.31724137931034485,0.31724137931034485,0.36949874106981034,0.36949874106981034,results/pending_runs/warmup1_probe/RegNetY400MF/dermmnist/L30_G30/w1/heuristic/seed_1
results/pending_runs/warmup1_probe,dermmnist,L30_G30,RegNetY400MF,2,heuristic,,,1,300,0.0001,5e-06,,67,146,67,0,0.4268894164839495,0.296551724137931,0.296551724137931,0.32406020145333575,0.32406020145333575,results/pending_runs/warmup1_probe/RegNetY400MF/dermmnist/L30_G30/w1/heuristic/seed_2
results/pending_runs/warmup1_probe,dermmnist,L50_G50,RegNetY400MF,1,hounie_rcl,,,1,300,0.0001,5e-06,,112,65,111,0,0.5650723175911258,0.49101796407185627,0.49101796407185627,0.6615268812405458,0.6615268812405458,results/pending_runs/warmup1_probe/RegNetY400MF/dermmnist/L50_G50/w1/hounie_rcl/seed_1
results/pending_runs/warmup1_probe,dermmnist,L50_G50,RegNetY400MF,2,hounie_rcl,,,1,300,0.0001,5e-06,,112,75,111,0,0.5941229991621798,0.47904191616766467,0.47904191616766467,0.6594381751384103,0.6594381751384103,results/pending_runs/warmup1_probe/RegNetY400MF/dermmnist/L50_G50/w1/hounie_rcl/seed_2
results/pending_runs/warmup1_probe,dermmnist,L50_G50,RegNetY400MF,1,tralo,,,1,300,0.0001,5e-06,True,112,105,111,0,0.6022801469327663,0.47904191616766467,0.47904191616766467,0.6630824361934472,0.6617571553910865,results/pending_runs/warmup1_probe/RegNetY400MF/dermmnist/L50_G50/w1/tralo/seed_1
results/pending_runs/warmup1_probe,dermmnist,L50_G50,RegNetY400MF,2,tralo,,,1,300,0.0001,5e-06,True,112,106,111,0,0.5949840610254337,0.5089820359281437,0.5089820359281437,0.6589835123078451,0.658730971977061,results/pending_runs/warmup1_probe/RegNetY400MF/dermmnist/L50_G50/w1/tralo/seed_2
results/pending_runs/warmup1_probe,dermmnist,L50_G50,RegNetY400MF,1,danits_lp,,,1,300,0.0001,5e-06,,112,194,111,0,0.5057186883340847,0.40718562874251496,0.41317365269461076,0.3792906907474311,0.3843800255500156,results/pending_runs/warmup1_probe/RegNetY400MF/dermmnist/L50_G50/w1/danits_lp/seed_1
results/pending_runs/warmup1_probe,dermmnist,L50_G50,RegNetY400MF,2,danits_lp,,,1,300,0.0001,5e-06,,112,146,103,0,0.4268894164839495,0.3496932515337423,0.3652694610778443,0.3325584025581786,0.33328607732059456,results/pending_runs/warmup1_probe/RegNetY400MF/dermmnist/L50_G50/w1/danits_lp/seed_2
results/pending_runs/warmup1_probe,dermmnist,L50_G50,RegNetY400MF,1,fioretto_ldf,,,1,300,0.0001,5e-06,,112,95,111,0,0.5973611513381102,0.5029940119760479,0.5029940119760479,0.6718892263509814,0.6718892263509814,results/pending_runs/warmup1_probe/RegNetY400MF/dermmnist/L50_G50/w1/fioretto_ldf/seed_1
results/pending_runs/warmup1_probe,dermmnist,L50_G50,RegNetY400MF,2,fioretto_ldf,,,1,300,0.0001,5e-06,,112,93,111,0,0.6064624990334162,0.49101796407185627,0.49101796407185627,0.6633640350785008,0.6633640350785008,results/pending_runs/warmup1_probe/RegNetY400MF/dermmnist/L50_G50/w1/fioretto_ldf/seed_2
results/pending_runs/warmup1_probe,dermmnist,L50_G50,RegNetY400MF,1,tralo_bounded,,,1,300,0.0001,5e-06,True,112,104,111,0,0.6038578598829863,0.47904191616766467,0.48502994011976047,0.6699798325661831,0.671106101495978,results/pending_runs/warmup1_probe/RegNetY400MF/dermmnist/L50_G50/w1/tralo_bounded/seed_1
results/pending_runs/warmup1_probe,dermmnist,L50_G50,RegNetY400MF,2,tralo_bounded,,,1,300,0.0001,5e-06,True,112,92,111,0,0.6084407445113169,0.5029940119760479,0.5029940119760479,0.6648115258500228,0.6648115258500228,results/pending_runs/warmup1_probe/RegNetY400MF/dermmnist/L50_G50/w1/tralo_bounded/seed_2
results/pending_runs/warmup1_probe,dermmnist,L50_G50,RegNetY400MF,1,heuristic,,,1,300,0.0001,5e-06,,112,194,111,0,0.5057186883340847,0.41317365269461076,0.41317365269461076,0.3843800255500156,0.3843800255500156,results/pending_runs/warmup1_probe/RegNetY400MF/dermmnist/L50_G50/w1/heuristic/seed_1
results/pending_runs/warmup1_probe,dermmnist,L50_G50,RegNetY400MF,2,heuristic,,,1,300,0.0001,5e-06,,112,146,111,0,0.4268894164839495,0.3652694610778443,0.3652694610778443,0.33328607732059456,0.33328607732059456,results/pending_runs/warmup1_probe/RegNetY400MF/dermmnist/L50_G50/w1/heuristic/seed_2
results/pending_runs/warmup1_probe,tissuemnist,L30_G30,RegNetY400MF,1,hounie_rcl,,,1,300,0.0001,5e-06,,51,35,51,0,0.28620999249426077,0.23423423423423423,0.23423423423423423,0.3750089602927133,0.3750089602927133,results/pending_runs/warmup1_probe/RegNetY400MF/tissuemnist/L30_G30/w1/hounie_rcl/seed_1
results/pending_runs/warmup1_probe,tissuemnist,L30_G30,RegNetY400MF,2,hounie_rcl,,,1,300,0.0001,5e-06,,51,24,51,0,0.2785823001421542,0.21621621621621623,0.21621621621621623,0.36758100042774816,0.36758100042774816,results/pending_runs/warmup1_probe/RegNetY400MF/tissuemnist/L30_G30/w1/hounie_rcl/seed_2
results/pending_runs/warmup1_probe,tissuemnist,L30_G30,RegNetY400MF,1,tralo,,,1,300,0.0001,5e-06,True,51,42,51,0,0.30003454051922496,0.24324324324324326,0.24324324324324326,0.3750489519648633,0.3750489519648633,results/pending_runs/warmup1_probe/RegNetY400MF/tissuemnist/L30_G30/w1/tralo/seed_1
results/pending_runs/warmup1_probe,tissuemnist,L30_G30,RegNetY400MF,2,tralo,,,1,300,0.0001,5e-06,True,51,41,51,0,0.29593806479259765,0.2072072072072072,0.2072072072072072,0.35944867791921553,0.35944867791921553,results/pending_runs/warmup1_probe/RegNetY400MF/tissuemnist/L30_G30/w1/tralo/seed_2
results/pending_runs/warmup1_probe,tissuemnist,L30_G30,RegNetY400MF,1,danits_lp,,,1,300,0.0001,5e-06,,51,148,51,0,0.3571642194745896,0.1891891891891892,0.23423423423423423,0.33385685677967264,0.338623371107752,results/pending_runs/warmup1_probe/RegNetY400MF/tissuemnist/L30_G30/w1/danits_lp/seed_1
results/pending_runs/warmup1_probe,tissuemnist,L30_G30,RegNetY400MF,2,danits_lp,,,1,300,0.0001,5e-06,,51,211,51,0,0.31491446561368336,0.2072072072072072,0.2072072072072072,0.30698368501665435,0.3050100694721672,results/pending_runs/warmup1_probe/RegNetY400MF/tissuemnist/L30_G30/w1/danits_lp/seed_2
results/pending_runs/warmup1_probe,tissuemnist,L30_G30,RegNetY400MF,1,fioretto_ldf,,,1,300,0.0001,5e-06,,51,36,51,0,0.2497062310873476,0.2072072072072072,0.2072072072072072,0.37350791343831496,0.37350791343831496,results/pending_runs/warmup1_probe/RegNetY400MF/tissuemnist/L30_G30/w1/fioretto_ldf/seed_1
results/pending_runs/warmup1_probe,tissuemnist,L30_G30,RegNetY400MF,2,fioretto_ldf,,,1,300,0.0001,5e-06,,51,40,51,0,0.279555660146579,0.2072072072072072,0.2072072072072072,0.37816821576044357,0.37816821576044357,results/pending_runs/warmup1_probe/RegNetY400MF/tissuemnist/L30_G30/w1/fioretto_ldf/seed_2
results/pending_runs/warmup1_probe,tissuemnist,L30_G30,RegNetY400MF,1,tralo_bounded,,,1,300,0.0001,5e-06,True,51,38,51,0,0.27625367632172426,0.25225225225225223,0.25225225225225223,0.37671420740802825,0.37671420740802825,results/pending_runs/warmup1_probe/RegNetY400MF/tissuemnist/L30_G30/w1/tralo_bounded/seed_1
results/pending_runs/warmup1_probe,tissuemnist,L30_G30,RegNetY400MF,2,tralo_bounded,,,1,300,0.0001,5e-06,True,51,31,51,0,0.2904363954189195,0.1981981981981982,0.1981981981981982,0.36418109214123584,0.36418109214123584,results/pending_runs/warmup1_probe/RegNetY400MF/tissuemnist/L30_G30/w1/tralo_bounded/seed_2
results/pending_runs/warmup1_probe,tissuemnist,L30_G30,RegNetY400MF,1,heuristic,,,1,300,0.0001,5e-06,,51,148,51,0,0.3571642194745896,0.23423423423423423,0.23423423423423423,0.338623371107752,0.338623371107752,results/pending_runs/warmup1_probe/RegNetY400MF/tissuemnist/L30_G30/w1/heuristic/seed_1
results/pending_runs/warmup1_probe,tissuemnist,L30_G30,RegNetY400MF,2,heuristic,,,1,300,0.0001,5e-06,,51,211,51,0,0.31491446561368336,0.2072072072072072,0.2072072072072072,0.3050100694721672,0.3050100694721672,results/pending_runs/warmup1_probe/RegNetY400MF/tissuemnist/L30_G30/w1/heuristic/seed_2
results/pending_runs/warmup1_probe,tissuemnist,L50_G50,RegNetY400MF,1,hounie_rcl,,,1,300,0.0001,5e-06,,86,60,86,0,0.28360756817288596,0.26459143968871596,0.26459143968871596,0.3962214821110064,0.3962214821110064,results/pending_runs/warmup1_probe/RegNetY400MF/tissuemnist/L50_G50/w1/hounie_rcl/seed_1
results/pending_runs/warmup1_probe,tissuemnist,L50_G50,RegNetY400MF,2,hounie_rcl,,,1,300,0.0001,5e-06,,86,48,86,0,0.2990100527541983,0.311284046692607,0.311284046692607,0.3874179401220196,0.3874179401220196,results/pending_runs/warmup1_probe/RegNetY400MF/tissuemnist/L50_G50/w1/hounie_rcl/seed_2
results/pending_runs/warmup1_probe,tissuemnist,L50_G50,RegNetY400MF,1,tralo,,,1,300,0.0001,5e-06,True,86,76,86,0,0.32959425035687034,0.28793774319066145,0.28793774319066145,0.3828145580189455,0.38256633814678626,results/pending_runs/warmup1_probe/RegNetY400MF/tissuemnist/L50_G50/w1/tralo/seed_1
results/pending_runs/warmup1_probe,tissuemnist,L50_G50,RegNetY400MF,2,tralo,,,1,300,0.0001,5e-06,True,86,79,86,0,0.3302321422978015,0.31906614785992216,0.311284046692607,0.3941746306072118,0.3930206357205118,results/pending_runs/warmup1_probe/RegNetY400MF/tissuemnist/L50_G50/w1/tralo/seed_2
results/pending_runs/warmup1_probe,tissuemnist,L50_G50,RegNetY400MF,1,danits_lp,,,1,300,0.0001,5e-06,,86,148,86,0,0.3571642194745896,0.31906614785992216,0.311284046692607,0.3463986338052064,0.34575393663541765,results/pending_runs/warmup1_probe/RegNetY400MF/tissuemnist/L50_G50/w1/danits_lp/seed_1
results/pending_runs/warmup1_probe,tissuemnist,L50_G50,RegNetY400MF,2,danits_lp,,,1,300,0.0001,5e-06,,86,211,86,0,0.31491446561368336,0.25680933852140075,0.2801556420233463,0.3074346515696568,0.3103167365987172,results/pending_runs/warmup1_probe/RegNetY400MF/tissuemnist/L50_G50/w1/danits_lp/seed_2
results/pending_runs/warmup1_probe,tissuemnist,L50_G50,RegNetY400MF,1,fioretto_ldf,,,1,300,0.0001,5e-06,,86,65,86,0,0.32044201323018023,0.31906614785992216,0.31906614785992216,0.39603221002754907,0.39603221002754907,results/pending_runs/warmup1_probe/RegNetY400MF/tissuemnist/L50_G50/w1/fioretto_ldf/seed_1
results/pending_runs/warmup1_probe,tissuemnist,L50_G50,RegNetY400MF,2,fioretto_ldf,,,1,300,0.0001,5e-06,,86,68,86,0,0.31073788465218716,0.311284046692607,0.311284046692607,0.38886029968723035,0.38886029968723035,results/pending_runs/warmup1_probe/RegNetY400MF/tissuemnist/L50_G50/w1/fioretto_ldf/seed_2
results/pending_runs/warmup1_probe,tissuemnist,L50_G50,RegNetY400MF,1,tralo_bounded,,,1,300,0.0001,5e-06,True,86,69,86,0,0.3187784560239455,0.2723735408560311,0.2723735408560311,0.38395862026300365,0.3840177579892132,results/pending_runs/warmup1_probe/RegNetY400MF/tissuemnist/L50_G50/w1/tralo_bounded/seed_1
results/pending_runs/warmup1_probe,tissuemnist,L50_G50,RegNetY400MF,2,tralo_bounded,,,1,300,0.0001,5e-06,True,86,77,86,0,0.31427136835665165,0.29571984435797666,0.3035019455252918,0.3905595353113087,0.3914652886694216,results/pending_runs/warmup1_probe/RegNetY400MF/tissuemnist/L50_G50/w1/tralo_bounded/seed_2
results/pending_runs/warmup1_probe,tissuemnist,L50_G50,RegNetY400MF,1,heuristic,,,1,300,0.0001,5e-06,,86,148,86,0,0.3571642194745896,0.311284046692607,0.311284046692607,0.34575393663541765,0.34575393663541765,results/pending_runs/warmup1_probe/RegNetY400MF/tissuemnist/L50_G50/w1/heuristic/seed_1
results/pending_runs/warmup1_probe,tissuemnist,L50_G50,RegNetY400MF,2,heuristic,,,1,300,0.0001,5e-06,,86,211,86,0,0.31491446561368336,0.2801556420233463,0.2801556420233463,0.3103167365987172,0.3103167365987172,results/pending_runs/warmup1_probe/RegNetY400MF/tissuemnist/L50_G50/w1/heuristic/seed_2
