constraint_tag,method,n_seeds,macro_f1_mean,macro_f1_std,flips_mean,flips_std,accuracy_mean,accuracy_std,satisfied_pct
L20_G30,tralo,4,0.706075,0.010904,6.5000,9.7468,0.831400,0.004172,100.00
L20_G30,tralo_bounded,4,0.705350,0.011481,12.7500,4.1130,0.829625,0.006206,75.00
L20_G30,fioretto_ldf,4,0.704625,0.013414,12.7500,6.0208,0.828525,0.009709,100.00
L20_G30,hounie_rcl,4,0.700000,0.015362,18.7500,2.2174,0.826650,0.009208,100.00
L20_G30,heuristic,4,0.703000,0.018046,158.5000,7.1414,0.836725,0.005392,0.00
L20_G30,danits_lp,4,0.703000,0.018046,158.5000,7.1414,0.836725,0.005392,0.00
L20_G50,tralo,4,0.707175,0.012349,4.5000,5.7446,0.831250,0.004188,100.00
L20_G50,tralo_bounded,4,0.705125,0.011015,12.0000,4.3970,0.829650,0.004884,75.00
L20_G50,fioretto_ldf,4,0.703725,0.013818,12.7500,6.0208,0.828525,0.009702,100.00
L20_G50,hounie_rcl,4,0.700825,0.011144,18.2500,2.7538,0.828025,0.007990,100.00
L20_G50,heuristic,1,0.687700,0.000000,166.0000,0.0000,0.834700,0.000000,0.00
L20_G50,danits_lp,1,0.687700,0.000000,166.0000,0.0000,0.834700,0.000000,0.00
L20_G70,tralo,4,0.703500,0.012236,0.5000,0.5774,0.831150,0.006082,100.00
L20_G70,tralo_bounded,4,0.707600,0.012645,14.7500,4.3493,0.829650,0.005121,100.00
L20_G70,fioretto_ldf,4,0.702925,0.014298,12.2500,6.2383,0.827775,0.009595,100.00
L20_G70,hounie_rcl,4,0.699725,0.009832,18.2500,2.7538,0.827900,0.007967,100.00
L20_G70,heuristic,4,0.703000,0.018046,158.5000,7.1414,0.836725,0.005392,0.00
L20_G70,danits_lp,4,0.703000,0.018046,158.5000,7.1414,0.836725,0.005392,0.00
L20_G80,tralo,4,0.705750,0.010198,0.2500,0.5000,0.832650,0.005830,100.00
L20_G80,tralo_bounded,4,0.707400,0.009883,14.7500,4.3493,0.830900,0.004196,100.00
L20_G80,fioretto_ldf,4,0.702650,0.013224,12.5000,6.4550,0.827650,0.008814,100.00
L20_G80,hounie_rcl,4,0.700350,0.010142,18.0000,2.9439,0.828025,0.007847,100.00
L20_G80,heuristic,4,0.703000,0.018046,158.5000,7.1414,0.836725,0.005392,0.00
L20_G80,danits_lp,4,0.703000,0.018046,158.5000,7.1414,0.836725,0.005392,0.00
L30_G20,tralo,4,0.702125,0.011309,0.0000,0.0000,0.830525,0.004148,100.00
L30_G20,tralo_bounded,4,0.705925,0.007733,0.0000,0.0000,0.830775,0.003342,100.00
L30_G20,fioretto_ldf,4,0.708575,0.011485,0.0000,0.0000,0.831525,0.004947,100.00
L30_G20,hounie_rcl,4,0.702500,0.013593,0.0000,0.0000,0.828800,0.004021,100.00
L30_G20,heuristic,4,0.703200,0.018465,158.5000,7.1414,0.836700,0.005354,0.00
L30_G20,danits_lp,4,0.703200,0.018465,158.5000,7.1414,0.836700,0.005354,0.00
L30_G50,tralo,4,0.734650,0.007057,5.7500,10.2103,0.846825,0.003750,100.00
L30_G50,tralo_bounded,4,0.735225,0.010566,10.5000,1.7321,0.844950,0.003524,50.00
L30_G50,fioretto_ldf,4,0.730225,0.011226,10.7500,1.2583,0.842950,0.004500,50.00
L30_G50,hounie_rcl,4,0.733225,0.008877,17.7500,7.5884,0.844450,0.001936,100.00
L30_G50,heuristic,4,0.722375,0.016860,136.5000,7.1414,0.846075,0.004750,0.00
L30_G50,danits_lp,4,0.722425,0.016810,136.5000,7.1414,0.846075,0.004750,0.00
L30_G70,tralo,4,0.732275,0.010466,5.5000,8.4261,0.846200,0.002483,100.00
L30_G70,tralo_bounded,4,0.732200,0.011788,9.0000,2.5820,0.845200,0.003629,25.00
L30_G70,fioretto_ldf,4,0.728700,0.013904,9.7500,2.5000,0.843325,0.005344,50.00
L30_G70,hounie_rcl,4,0.730825,0.007786,16.5000,8.1035,0.844200,0.002345,100.00
L30_G70,heuristic,4,0.722375,0.016860,136.5000,7.1414,0.846075,0.004750,0.00
L30_G70,danits_lp,4,0.722425,0.016810,136.5000,7.1414,0.846075,0.004750,0.00
L30_G80,tralo,4,0.730550,0.009290,1.7500,0.9574,0.845200,0.003028,100.00
L30_G80,tralo_bounded,4,0.733000,0.011455,8.5000,3.6968,0.845575,0.003473,50.00
L30_G80,fioretto_ldf,4,0.728625,0.013735,10.2500,2.8723,0.843200,0.005788,50.00
L30_G80,hounie_rcl,4,0.729975,0.008387,17.0000,6.8313,0.844450,0.003014,100.00
L30_G80,heuristic,1,0.706400,0.000000,144.0000,0.0000,0.843700,0.000000,0.00
L30_G80,danits_lp,1,0.706400,0.000000,144.0000,0.0000,0.843700,0.000000,0.00
L50_G20,tralo,4,0.704775,0.013869,0.0000,0.0000,0.831650,0.004545,100.00
L50_G20,tralo_bounded,4,0.709425,0.010099,0.5000,1.0000,0.832525,0.004687,75.00
L50_G20,fioretto_ldf,4,0.709400,0.009136,0.0000,0.0000,0.831650,0.004342,100.00
L50_G20,hounie_rcl,4,0.707725,0.012088,0.0000,0.0000,0.830525,0.004626,100.00
L50_G20,heuristic,1,0.686600,0.000000,166.0000,0.0000,0.833700,0.000000,0.00
L50_G20,danits_lp,1,0.686600,0.000000,166.0000,0.0000,0.833700,0.000000,0.00
L50_G30,tralo,4,0.724550,0.012838,0.0000,0.0000,0.843450,0.004518,100.00
L50_G30,tralo_bounded,4,0.729650,0.011885,0.0000,0.0000,0.843450,0.004213,100.00
L50_G30,fioretto_ldf,4,0.731600,0.010072,0.5000,1.0000,0.843700,0.005276,75.00
L50_G30,hounie_rcl,4,0.724700,0.011127,0.0000,0.0000,0.841075,0.004151,100.00
L50_G30,heuristic,4,0.721975,0.016792,136.5000,7.1414,0.845575,0.005105,0.00
L50_G30,danits_lp,4,0.722625,0.016843,136.5000,7.1414,0.846075,0.004750,0.00
L50_G70,tralo,4,0.763525,0.006479,4.0000,2.9439,0.862450,0.002217,100.00
L50_G70,tralo_bounded,4,0.764075,0.010549,11.0000,3.7417,0.862450,0.003329,75.00
L50_G70,fioretto_ldf,4,0.765100,0.009609,9.7500,1.7078,0.862700,0.002380,100.00
L50_G70,hounie_rcl,4,0.764675,0.014007,17.5000,5.4467,0.862825,0.004956,100.00
L50_G70,heuristic,4,0.747150,0.018788,92.5000,7.1414,0.858075,0.006884,0.00
L50_G70,danits_lp,4,0.747150,0.018927,92.5000,7.1414,0.858075,0.006884,0.00
L50_G80,tralo,4,0.765300,0.006592,7.0000,6.5828,0.862325,0.003521,100.00
L50_G80,tralo_bounded,4,0.764425,0.010809,10.5000,5.0662,0.862825,0.003568,75.00
L50_G80,fioretto_ldf,4,0.763225,0.011363,10.5000,2.5166,0.862200,0.003028,100.00
L50_G80,hounie_rcl,4,0.764775,0.012697,17.7500,5.5603,0.862700,0.004655,100.00
L50_G80,heuristic,4,0.747150,0.018788,92.5000,7.1414,0.858075,0.006884,0.00
L50_G80,danits_lp,4,0.747150,0.018927,92.5000,7.1414,0.858075,0.006884,0.00
L70_G20,tralo,4,0.709500,0.011431,0.0000,0.0000,0.832025,0.005762,100.00
L70_G20,tralo_bounded,4,0.706725,0.009159,0.2500,0.5000,0.829900,0.006991,75.00
L70_G20,fioretto_ldf,4,0.708450,0.011116,0.0000,0.0000,0.831400,0.004473,100.00
L70_G20,hounie_rcl,4,0.705700,0.014179,0.0000,0.0000,0.829025,0.006701,100.00
L70_G20,heuristic,4,0.703200,0.018465,158.5000,7.1414,0.836700,0.005354,0.00
L70_G20,danits_lp,4,0.703200,0.018465,158.5000,7.1414,0.836700,0.005354,0.00
L70_G30,tralo,4,0.728925,0.012599,0.0000,0.0000,0.844325,0.004871,100.00
L70_G30,tralo_bounded,4,0.729600,0.011656,0.0000,0.0000,0.843325,0.004110,100.00
L70_G30,fioretto_ldf,4,0.731875,0.009967,0.7500,1.5000,0.843825,0.004768,75.00
L70_G30,hounie_rcl,4,0.726700,0.013211,0.0000,0.0000,0.842075,0.005360,100.00
L70_G30,heuristic,4,0.721975,0.016792,136.5000,7.1414,0.845575,0.005105,0.00
L70_G30,danits_lp,4,0.722625,0.016843,136.5000,7.1414,0.846075,0.004750,0.00
L70_G50,tralo,4,0.765850,0.011220,0.0000,0.0000,0.862575,0.003614,100.00
L70_G50,tralo_bounded,4,0.760375,0.009157,0.0000,0.0000,0.860575,0.002720,100.00
L70_G50,fioretto_ldf,4,0.763425,0.008149,0.0000,0.0000,0.861700,0.002483,100.00
L70_G50,hounie_rcl,4,0.764325,0.007802,0.0000,0.0000,0.862200,0.002550,100.00
L70_G50,heuristic,4,0.748375,0.018282,91.5000,7.1414,0.858700,0.006721,0.00
L70_G50,danits_lp,4,0.748800,0.018960,91.5000,7.1414,0.858575,0.006836,0.00
L70_G80,tralo,4,0.789375,0.004863,2.7500,1.5000,0.873700,0.002858,100.00
L70_G80,tralo_bounded,4,0.786775,0.006116,10.0000,3.3665,0.872700,0.002380,50.00
L70_G80,fioretto_ldf,4,0.788100,0.004325,10.5000,3.8730,0.872575,0.002626,100.00
L70_G80,hounie_rcl,4,0.784875,0.008591,16.2500,6.9940,0.872325,0.002136,100.00
L70_G80,heuristic,4,0.764250,0.014657,47.5000,7.1414,0.865325,0.005105,0.00
L70_G80,danits_lp,4,0.764150,0.015050,47.5000,7.1414,0.865200,0.005307,0.00
L80_G20,tralo,4,0.706050,0.014741,0.0000,0.0000,0.826800,0.003582,100.00
L80_G20,tralo_bounded,4,0.706525,0.013434,0.0000,0.0000,0.830525,0.006746,100.00
L80_G20,fioretto_ldf,4,0.709300,0.009644,0.0000,0.0000,0.832150,0.003590,100.00
L80_G20,hounie_rcl,4,0.703450,0.014420,0.0000,0.0000,0.827775,0.007111,100.00
L80_G20,heuristic,4,0.703200,0.018465,158.5000,7.1414,0.836700,0.005354,0.00
L80_G20,danits_lp,4,0.703200,0.018465,158.5000,7.1414,0.836700,0.005354,0.00
L80_G30,tralo,4,0.727275,0.015238,0.0000,0.0000,0.842950,0.004664,100.00
L80_G30,tralo_bounded,4,0.730250,0.011711,0.2500,0.5000,0.843325,0.003966,75.00
L80_G30,fioretto_ldf,4,0.731750,0.009866,0.7500,1.5000,0.843700,0.004882,75.00
L80_G30,hounie_rcl,4,0.725100,0.012733,0.0000,0.0000,0.840700,0.004761,100.00
L80_G30,heuristic,1,0.705300,0.000000,144.0000,0.0000,0.843700,0.000000,0.00
L80_G30,danits_lp,1,0.705300,0.000000,144.0000,0.0000,0.843700,0.000000,0.00
L80_G50,tralo,4,0.763650,0.007509,0.0000,0.0000,0.862825,0.002780,100.00
L80_G50,tralo_bounded,4,0.761175,0.010200,0.0000,0.0000,0.860825,0.003521,100.00
L80_G50,fioretto_ldf,4,0.763900,0.008140,0.0000,0.0000,0.861825,0.002626,100.00
L80_G50,hounie_rcl,4,0.763650,0.008451,0.0000,0.0000,0.862200,0.002121,100.00
L80_G50,heuristic,4,0.748375,0.018282,91.5000,7.1414,0.858700,0.006721,0.00
L80_G50,danits_lp,4,0.748800,0.018960,91.5000,7.1414,0.858575,0.006836,0.00
L80_G70,tralo,4,0.788825,0.005469,0.0000,0.0000,0.874075,0.004608,100.00
L80_G70,tralo_bounded,4,0.781000,0.008580,0.0000,0.0000,0.871200,0.002345,100.00
L80_G70,fioretto_ldf,4,0.783725,0.007112,0.0000,0.0000,0.871325,0.002287,100.00
L80_G70,hounie_rcl,4,0.783150,0.008076,0.0000,0.0000,0.871325,0.003146,100.00
L80_G70,heuristic,4,0.764650,0.015005,47.5000,7.1414,0.865575,0.005543,0.00
L80_G70,danits_lp,4,0.764900,0.015484,47.5000,7.1414,0.865575,0.005391,0.00
