model,dataset,tag,method,seed,lane
MobileNetV2,octmnist,L40_G40,danits_lp,1,0
MobileNetV2,octmnist,L60_G60,danits_lp,1,1
MobileNetV3,octmnist,L40_G40,danits_lp,1,0
MobileNetV3,octmnist,L60_G60,danits_lp,1,1
RegNetY400MF,octmnist,L40_G40,danits_lp,1,0
RegNetY400MF,octmnist,L60_G60,danits_lp,1,1
ViTB16,octmnist,L40_G40,danits_lp,1,0
ViTB16,octmnist,L60_G60,danits_lp,1,1
MobileNetV2,octmnist,L40_G40,danits_lp,2,0
MobileNetV2,octmnist,L60_G60,danits_lp,2,1
MobileNetV3,octmnist,L40_G40,danits_lp,2,0
MobileNetV3,octmnist,L60_G60,danits_lp,2,1
RegNetY400MF,octmnist,L40_G40,danits_lp,2,0
RegNetY400MF,octmnist,L60_G60,danits_lp,2,1
ViTB16,octmnist,L40_G40,danits_lp,2,0
ViTB16,octmnist,L60_G60,danits_lp,2,1
MobileNetV2,octmnist,L40_G40,danits_lp,3,0
MobileNetV2,octmnist,L60_G60,danits_lp,3,1
MobileNetV3,octmnist,L40_G40,danits_lp,3,0
MobileNetV3,octmnist,L60_G60,danits_lp,3,1
RegNetY400MF,octmnist,L40_G40,danits_lp,3,0
RegNetY400MF,octmnist,L60_G60,danits_lp,3,1
ViTB16,octmnist,L40_G40,danits_lp,3,0
ViTB16,octmnist,L60_G60,danits_lp,3,1
MobileNetV2,octmnist,L40_G40,danits_lp,4,0
MobileNetV2,octmnist,L60_G60,danits_lp,4,1
MobileNetV3,octmnist,L40_G40,danits_lp,4,0
MobileNetV3,octmnist,L60_G60,danits_lp,4,1
RegNetY400MF,octmnist,L40_G40,danits_lp,4,0
RegNetY400MF,octmnist,L60_G60,danits_lp,4,1
ViTB16,octmnist,L40_G40,danits_lp,4,0
ViTB16,octmnist,L60_G60,danits_lp,4,1
MobileNetV2,dermmnist,L40_G40,fioretto_ldf,1,0
MobileNetV2,dermmnist,L60_G60,fioretto_ldf,1,1
MobileNetV2,octmnist,L40_G40,fioretto_ldf,1,0
MobileNetV2,octmnist,L60_G60,fioretto_ldf,1,1
MobileNetV2,tissuemnist,L40_G40,fioretto_ldf,1,0
MobileNetV2,tissuemnist,L60_G60,fioretto_ldf,1,1
MobileNetV3,octmnist,L40_G40,fioretto_ldf,1,0
MobileNetV3,octmnist,L60_G60,fioretto_ldf,1,1
RegNetY400MF,dermmnist,L40_G40,fioretto_ldf,1,0
RegNetY400MF,dermmnist,L60_G60,fioretto_ldf,1,1
RegNetY400MF,octmnist,L40_G40,fioretto_ldf,1,0
RegNetY400MF,octmnist,L60_G60,fioretto_ldf,1,1
ViTB16,octmnist,L40_G40,fioretto_ldf,1,0
ViTB16,octmnist,L60_G60,fioretto_ldf,1,1
MobileNetV2,dermmnist,L40_G40,fioretto_ldf,2,0
MobileNetV2,dermmnist,L60_G60,fioretto_ldf,2,1
MobileNetV2,octmnist,L40_G40,fioretto_ldf,2,0
MobileNetV2,octmnist,L60_G60,fioretto_ldf,2,1
MobileNetV3,octmnist,L40_G40,fioretto_ldf,2,0
MobileNetV3,octmnist,L60_G60,fioretto_ldf,2,1
RegNetY400MF,dermmnist,L40_G40,fioretto_ldf,2,0
RegNetY400MF,dermmnist,L60_G60,fioretto_ldf,2,1
RegNetY400MF,octmnist,L40_G40,fioretto_ldf,2,0
RegNetY400MF,octmnist,L60_G60,fioretto_ldf,2,1
ViTB16,octmnist,L40_G40,fioretto_ldf,2,0
ViTB16,octmnist,L60_G60,fioretto_ldf,2,1
MobileNetV2,dermmnist,L40_G40,fioretto_ldf,3,0
MobileNetV2,dermmnist,L60_G60,fioretto_ldf,3,1
MobileNetV2,octmnist,L40_G40,fioretto_ldf,3,0
MobileNetV2,octmnist,L60_G60,fioretto_ldf,3,1
MobileNetV3,octmnist,L40_G40,fioretto_ldf,3,0
MobileNetV3,octmnist,L60_G60,fioretto_ldf,3,1
RegNetY400MF,dermmnist,L40_G40,fioretto_ldf,3,0
RegNetY400MF,dermmnist,L60_G60,fioretto_ldf,3,1
RegNetY400MF,octmnist,L40_G40,fioretto_ldf,3,0
RegNetY400MF,octmnist,L60_G60,fioretto_ldf,3,1
ViTB16,octmnist,L40_G40,fioretto_ldf,3,0
ViTB16,octmnist,L60_G60,fioretto_ldf,3,1
MobileNetV2,dermmnist,L40_G40,fioretto_ldf,4,0
MobileNetV2,dermmnist,L60_G60,fioretto_ldf,4,1
MobileNetV2,octmnist,L40_G40,fioretto_ldf,4,0
MobileNetV2,octmnist,L60_G60,fioretto_ldf,4,1
MobileNetV3,octmnist,L40_G40,fioretto_ldf,4,0
MobileNetV3,octmnist,L60_G60,fioretto_ldf,4,1
RegNetY400MF,dermmnist,L40_G40,fioretto_ldf,4,0
RegNetY400MF,dermmnist,L60_G60,fioretto_ldf,4,1
RegNetY400MF,octmnist,L40_G40,fioretto_ldf,4,0
RegNetY400MF,octmnist,L60_G60,fioretto_ldf,4,1
ViTB16,octmnist,L40_G40,fioretto_ldf,4,0
ViTB16,octmnist,L60_G60,fioretto_ldf,4,1
MobileNetV2,octmnist,L40_G40,heuristic,1,0
MobileNetV2,octmnist,L60_G60,heuristic,1,1
MobileNetV3,octmnist,L40_G40,heuristic,1,0
MobileNetV3,octmnist,L60_G60,heuristic,1,1
RegNetY400MF,octmnist,L40_G40,heuristic,1,0
RegNetY400MF,octmnist,L60_G60,heuristic,1,1
ViTB16,octmnist,L40_G40,heuristic,1,0
ViTB16,octmnist,L60_G60,heuristic,1,1
MobileNetV2,octmnist,L40_G40,heuristic,2,0
MobileNetV2,octmnist,L60_G60,heuristic,2,1
MobileNetV3,octmnist,L40_G40,heuristic,2,0
MobileNetV3,octmnist,L60_G60,heuristic,2,1
RegNetY400MF,octmnist,L40_G40,heuristic,2,0
RegNetY400MF,octmnist,L60_G60,heuristic,2,1
ViTB16,octmnist,L40_G40,heuristic,2,0
ViTB16,octmnist,L60_G60,heuristic,2,1
MobileNetV2,octmnist,L40_G40,heuristic,3,0
MobileNetV2,octmnist,L60_G60,heuristic,3,1
MobileNetV3,octmnist,L40_G40,heuristic,3,0
MobileNetV3,octmnist,L60_G60,heuristic,3,1
RegNetY400MF,octmnist,L40_G40,heuristic,3,0
RegNetY400MF,octmnist,L60_G60,heuristic,3,1
ViTB16,octmnist,L40_G40,heuristic,3,0
ViTB16,octmnist,L60_G60,heuristic,3,1
MobileNetV2,octmnist,L40_G40,heuristic,4,0
MobileNetV2,octmnist,L60_G60,heuristic,4,1
MobileNetV3,octmnist,L40_G40,heuristic,4,0
MobileNetV3,octmnist,L60_G60,heuristic,4,1
RegNetY400MF,octmnist,L40_G40,heuristic,4,0
RegNetY400MF,octmnist,L60_G60,heuristic,4,1
ViTB16,octmnist,L40_G40,heuristic,4,0
ViTB16,octmnist,L60_G60,heuristic,4,1
MobileNetV2,dermmnist,L40_G40,hounie_rcl,1,0
MobileNetV2,dermmnist,L60_G60,hounie_rcl,1,1
MobileNetV2,octmnist,L40_G40,hounie_rcl,1,0
MobileNetV2,octmnist,L60_G60,hounie_rcl,1,1
MobileNetV2,tissuemnist,L40_G40,hounie_rcl,1,0
MobileNetV2,tissuemnist,L60_G60,hounie_rcl,1,1
MobileNetV3,octmnist,L40_G40,hounie_rcl,1,0
MobileNetV3,octmnist,L60_G60,hounie_rcl,1,1
RegNetY400MF,dermmnist,L40_G40,hounie_rcl,1,0
RegNetY400MF,dermmnist,L60_G60,hounie_rcl,1,1
RegNetY400MF,octmnist,L40_G40,hounie_rcl,1,0
RegNetY400MF,octmnist,L60_G60,hounie_rcl,1,1
ViTB16,octmnist,L40_G40,hounie_rcl,1,0
ViTB16,octmnist,L60_G60,hounie_rcl,1,1
MobileNetV2,dermmnist,L40_G40,hounie_rcl,2,0
MobileNetV2,dermmnist,L60_G60,hounie_rcl,2,1
MobileNetV2,octmnist,L40_G40,hounie_rcl,2,0
MobileNetV2,octmnist,L60_G60,hounie_rcl,2,1
MobileNetV3,octmnist,L40_G40,hounie_rcl,2,0
MobileNetV3,octmnist,L60_G60,hounie_rcl,2,1
RegNetY400MF,dermmnist,L40_G40,hounie_rcl,2,0
RegNetY400MF,dermmnist,L60_G60,hounie_rcl,2,1
RegNetY400MF,octmnist,L40_G40,hounie_rcl,2,0
RegNetY400MF,octmnist,L60_G60,hounie_rcl,2,1
ViTB16,octmnist,L40_G40,hounie_rcl,2,0
ViTB16,octmnist,L60_G60,hounie_rcl,2,1
MobileNetV2,dermmnist,L40_G40,hounie_rcl,3,0
MobileNetV2,dermmnist,L60_G60,hounie_rcl,3,1
MobileNetV2,octmnist,L40_G40,hounie_rcl,3,0
MobileNetV2,octmnist,L60_G60,hounie_rcl,3,1
MobileNetV3,octmnist,L40_G40,hounie_rcl,3,0
MobileNetV3,octmnist,L60_G60,hounie_rcl,3,1
RegNetY400MF,dermmnist,L40_G40,hounie_rcl,3,0
RegNetY400MF,dermmnist,L60_G60,hounie_rcl,3,1
RegNetY400MF,octmnist,L40_G40,hounie_rcl,3,0
RegNetY400MF,octmnist,L60_G60,hounie_rcl,3,1
ViTB16,octmnist,L40_G40,hounie_rcl,3,0
ViTB16,octmnist,L60_G60,hounie_rcl,3,1
MobileNetV2,dermmnist,L40_G40,hounie_rcl,4,0
MobileNetV2,dermmnist,L60_G60,hounie_rcl,4,1
MobileNetV2,octmnist,L40_G40,hounie_rcl,4,0
MobileNetV2,octmnist,L60_G60,hounie_rcl,4,1
MobileNetV3,octmnist,L40_G40,hounie_rcl,4,0
MobileNetV3,octmnist,L60_G60,hounie_rcl,4,1
RegNetY400MF,dermmnist,L40_G40,hounie_rcl,4,0
RegNetY400MF,dermmnist,L60_G60,hounie_rcl,4,1
RegNetY400MF,octmnist,L40_G40,hounie_rcl,4,0
RegNetY400MF,octmnist,L60_G60,hounie_rcl,4,1
ViTB16,octmnist,L40_G40,hounie_rcl,4,0
ViTB16,octmnist,L60_G60,hounie_rcl,4,1
MobileNetV2,dermmnist,L40_G40,tralo,1,0
MobileNetV2,dermmnist,L60_G60,tralo,1,1
MobileNetV2,octmnist,L40_G40,tralo,1,0
MobileNetV2,octmnist,L60_G60,tralo,1,1
MobileNetV2,tissuemnist,L40_G40,tralo,1,0
MobileNetV2,tissuemnist,L60_G60,tralo,1,1
MobileNetV3,octmnist,L40_G40,tralo,1,0
MobileNetV3,octmnist,L60_G60,tralo,1,1
RegNetY400MF,dermmnist,L40_G40,tralo,1,0
RegNetY400MF,dermmnist,L60_G60,tralo,1,1
RegNetY400MF,octmnist,L40_G40,tralo,1,0
RegNetY400MF,octmnist,L60_G60,tralo,1,1
ViTB16,octmnist,L40_G40,tralo,1,0
ViTB16,octmnist,L60_G60,tralo,1,1
MobileNetV2,dermmnist,L40_G40,tralo,2,0
MobileNetV2,dermmnist,L60_G60,tralo,2,1
MobileNetV2,octmnist,L40_G40,tralo,2,0
MobileNetV2,octmnist,L60_G60,tralo,2,1
MobileNetV3,octmnist,L40_G40,tralo,2,0
MobileNetV3,octmnist,L60_G60,tralo,2,1
RegNetY400MF,dermmnist,L40_G40,tralo,2,0
RegNetY400MF,dermmnist,L60_G60,tralo,2,1
RegNetY400MF,octmnist,L40_G40,tralo,2,0
RegNetY400MF,octmnist,L60_G60,tralo,2,1
ViTB16,octmnist,L40_G40,tralo,2,0
ViTB16,octmnist,L60_G60,tralo,2,1
MobileNetV2,dermmnist,L40_G40,tralo,3,0
MobileNetV2,dermmnist,L60_G60,tralo,3,1
MobileNetV2,octmnist,L40_G40,tralo,3,0
MobileNetV2,octmnist,L60_G60,tralo,3,1
MobileNetV3,octmnist,L40_G40,tralo,3,0
MobileNetV3,octmnist,L60_G60,tralo,3,1
RegNetY400MF,dermmnist,L40_G40,tralo,3,0
RegNetY400MF,dermmnist,L60_G60,tralo,3,1
RegNetY400MF,octmnist,L40_G40,tralo,3,0
RegNetY400MF,octmnist,L60_G60,tralo,3,1
ViTB16,octmnist,L40_G40,tralo,3,0
ViTB16,octmnist,L60_G60,tralo,3,1
MobileNetV2,dermmnist,L40_G40,tralo,4,0
MobileNetV2,dermmnist,L60_G60,tralo,4,1
MobileNetV2,octmnist,L40_G40,tralo,4,0
MobileNetV2,octmnist,L60_G60,tralo,4,1
MobileNetV3,octmnist,L40_G40,tralo,4,0
MobileNetV3,octmnist,L60_G60,tralo,4,1
RegNetY400MF,dermmnist,L40_G40,tralo,4,0
RegNetY400MF,dermmnist,L60_G60,tralo,4,1
RegNetY400MF,octmnist,L40_G40,tralo,4,0
RegNetY400MF,octmnist,L60_G60,tralo,4,1
ViTB16,octmnist,L40_G40,tralo,4,0
ViTB16,octmnist,L60_G60,tralo,4,1
MobileNetV2,octmnist,L40_G40,tralo_bounded,1,0
MobileNetV2,octmnist,L60_G60,tralo_bounded,1,1
MobileNetV3,octmnist,L40_G40,tralo_bounded,1,0
MobileNetV3,octmnist,L60_G60,tralo_bounded,1,1
RegNetY400MF,octmnist,L40_G40,tralo_bounded,1,0
RegNetY400MF,octmnist,L60_G60,tralo_bounded,1,1
ViTB16,octmnist,L40_G40,tralo_bounded,1,0
ViTB16,octmnist,L60_G60,tralo_bounded,1,1
MobileNetV2,octmnist,L40_G40,tralo_bounded,2,0
MobileNetV2,octmnist,L60_G60,tralo_bounded,2,1
MobileNetV3,octmnist,L40_G40,tralo_bounded,2,0
MobileNetV3,octmnist,L60_G60,tralo_bounded,2,1
RegNetY400MF,octmnist,L40_G40,tralo_bounded,2,0
RegNetY400MF,octmnist,L60_G60,tralo_bounded,2,1
ViTB16,octmnist,L40_G40,tralo_bounded,2,0
ViTB16,octmnist,L60_G60,tralo_bounded,2,1
MobileNetV2,octmnist,L40_G40,tralo_bounded,3,0
MobileNetV2,octmnist,L60_G60,tralo_bounded,3,1
MobileNetV3,octmnist,L40_G40,tralo_bounded,3,0
MobileNetV3,octmnist,L60_G60,tralo_bounded,3,1
RegNetY400MF,octmnist,L40_G40,tralo_bounded,3,0
RegNetY400MF,octmnist,L60_G60,tralo_bounded,3,1
ViTB16,octmnist,L40_G40,tralo_bounded,3,0
ViTB16,octmnist,L60_G60,tralo_bounded,3,1
MobileNetV2,octmnist,L40_G40,tralo_bounded,4,0
MobileNetV2,octmnist,L60_G60,tralo_bounded,4,1
MobileNetV3,octmnist,L40_G40,tralo_bounded,4,0
MobileNetV3,octmnist,L60_G60,tralo_bounded,4,1
RegNetY400MF,octmnist,L40_G40,tralo_bounded,4,0
RegNetY400MF,octmnist,L60_G60,tralo_bounded,4,1
ViTB16,octmnist,L40_G40,tralo_bounded,4,0
ViTB16,octmnist,L60_G60,tralo_bounded,4,1
