label,class_name,filename,synth_group
0,c0,train_000000.jpg,0
0,c0,train_000001.jpg,1
0,c0,train_000002.jpg,2
4,c4,train_000003.jpg,0
3,c3,train_000004.jpg,1
0,c0,train_000005.jpg,2
4,c4,train_000006.jpg,0
0,c0,train_000007.jpg,1
3,c3,train_000008.jpg,2
2,c2,train_000009.jpg,0
4,c4,train_000010.jpg,1
1,c1,train_000011.jpg,2
0,c0,train_000012.jpg,0
2,c2,train_000013.jpg,1
0,c0,train_000014.jpg,2
4,c4,train_000015.jpg,0
0,c0,train_000016.jpg,1
1,c1,train_000017.jpg,2
0,c0,train_000018.jpg,0
0,c0,train_000019.jpg,1
3,c3,train_000020.jpg,2
2,c2,train_000021.jpg,0
3,c3,train_000022.jpg,1
0,c0,train_000023.jpg,2
1,c1,train_000024.jpg,0
0,c0,train_000025.jpg,1
3,c3,train_000026.jpg,2
2,c2,train_000027.jpg,0
0,c0,train_000028.jpg,1
3,c3,train_000029.jpg,2
1,c1,train_000030.jpg,0
0,c0,train_000031.jpg,1
2,c2,train_000032.jpg,2
3,c3,train_000033.jpg,0
1,c1,train_000034.jpg,1
0,c0,train_000035.jpg,2
2,c2,train_000036.jpg,0
3,c3,train_000037.jpg,1
4,c4,train_000038.jpg,2
0,c0,train_000039.jpg,0
1,c1,train_000040.jpg,1
0,c0,train_000041.jpg,2
2,c2,train_000042.jpg,0
0,c0,train_000043.jpg,1
0,c0,train_000044.jpg,2
2,c2,train_000045.jpg,0
3,c3,train_000046.jpg,1
2,c2,train_000047.jpg,2
3,c3,train_000048.jpg,0
0,c0,train_000049.jpg,1
0,c0,train_000050.jpg,2
1,c1,train_000051.jpg,0
2,c2,train_000052.jpg,1
4,c4,train_000053.jpg,2
1,c1,train_000054.jpg,0
2,c2,train_000055.jpg,1
0,c0,train_000056.jpg,2
4,c4,train_000057.jpg,0
2,c2,train_000058.jpg,1
0,c0,train_000059.jpg,2
2,c2,train_000060.jpg,0
0,c0,train_000061.jpg,1
0,c0,train_000062.jpg,2
0,c0,train_000063.jpg,0
0,c0,train_000064.jpg,1
0,c0,train_000065.jpg,2
3,c3,train_000066.jpg,0
2,c2,train_000067.jpg,1
0,c0,train_000068.jpg,2
3,c3,train_000069.jpg,0
0,c0,train_000070.jpg,1
1,c1,train_000071.jpg,2
0,c0,train_000072.jpg,0
0,c0,train_000073.jpg,1
2,c2,train_000074.jpg,2
3,c3,train_000075.jpg,0
0,c0,train_000076.jpg,1
0,c0,train_000077.jpg,2
0,c0,train_000078.jpg,0
0,c0,train_000079.jpg,1
2,c2,train_000080.jpg,2
0,c0,train_000081.jpg,0
2,c2,train_000082.jpg,1
1,c1,train_000083.jpg,2
0,c0,train_000084.jpg,0
2,c2,train_000085.jpg,1
0,c0,train_000086.jpg,2
0,c0,train_000087.jpg,0
0,c0,train_000088.jpg,1
3,c3,train_000089.jpg,2
3,c3,train_000090.jpg,0
2,c2,train_000091.jpg,1
0,c0,train_000092.jpg,2
0,c0,train_000093.jpg,0
2,c2,train_000094.jpg,1
1,c1,train_000095.jpg,2
0,c0,train_000096.jpg,0
3,c3,train_000097.jpg,1
2,c2,train_000098.jpg,2
2,c2,train_000099.jpg,0
2,c2,train_000100.jpg,1
2,c2,train_000101.jpg,2
1,c1,train_000102.jpg,0
0,c0,train_000103.jpg,1
2,c2,train_000104.jpg,2
0,c0,train_000105.jpg,0
0,c0,train_000106.jpg,1
1,c1,train_000107.jpg,2
4,c4,train_000108.jpg,0
1,c1,train_000109.jpg,1
2,c2,train_000110.jpg,2
0,c0,train_000111.jpg,0
2,c2,train_000112.jpg,1
2,c2,train_000113.jpg,2
0,c0,train_000114.jpg,0
2,c2,train_000115.jpg,1
3,c3,train_000116.jpg,2
0,c0,train_000117.jpg,0
2,c2,train_000118.jpg,1
1,c1,train_000119.jpg,2
4,c4,train_000120.jpg,0
0,c0,train_000121.jpg,1
3,c3,train_000122.jpg,2
0,c0,train_000123.jpg,0
0,c0,train_000124.jpg,1
3,c3,train_000125.jpg,2
2,c2,train_000126.jpg,0
4,c4,train_000127.jpg,1
2,c2,train_000128.jpg,2
2,c2,train_000129.jpg,0
2,c2,train_000130.jpg,1
0,c0,train_000131.jpg,2
1,c1,train_000132.jpg,0
4,c4,train_000133.jpg,1
0,c0,train_000134.jpg,2
3,c3,train_000135.jpg,0
0,c0,train_000136.jpg,1
1,c1,train_000137.jpg,2
3,c3,train_000138.jpg,0
0,c0,train_000139.jpg,1
2,c2,train_000140.jpg,2
0,c0,train_000141.jpg,0
0,c0,train_000142.jpg,1
2,c2,train_000143.jpg,2
0,c0,train_000144.jpg,0
4,c4,train_000145.jpg,1
2,c2,train_000146.jpg,2
0,c0,train_000147.jpg,0
3,c3,train_000148.jpg,1
0,c0,train_000149.jpg,2
0,c0,train_000150.jpg,0
3,c3,train_000151.jpg,1
0,c0,train_000152.jpg,2
3,c3,train_000153.jpg,0
0,c0,train_000154.jpg,1
0,c0,train_000155.jpg,2
0,c0,train_000156.jpg,0
0,c0,train_000157.jpg,1
2,c2,train_000158.jpg,2
2,c2,train_000159.jpg,0
0,c0,train_000160.jpg,1
0,c0,train_000161.jpg,2
2,c2,train_000162.jpg,0
2,c2,train_000163.jpg,1
3,c3,train_000164.jpg,2
0,c0,train_000165.jpg,0
0,c0,train_000166.jpg,1
1,c1,train_000167.jpg,2
1,c1,train_000168.jpg,0
0,c0,train_000169.jpg,1
4,c4,train_000170.jpg,2
0,c0,train_000171.jpg,0
0,c0,train_000172.jpg,1
0,c0,train_000173.jpg,2
3,c3,train_000174.jpg,0
0,c0,train_000175.jpg,1
0,c0,train_000176.jpg,2
0,c0,train_000177.jpg,0
1,c1,train_000178.jpg,1
0,c0,train_000179.jpg,2
0,c0,train_000180.jpg,0
0,c0,train_000181.jpg,1
3,c3,train_000182.jpg,2
0,c0,train_000183.jpg,0
3,c3,train_000184.jpg,1
0,c0,train_000185.jpg,2
4,c4,train_000186.jpg,0
2,c2,train_000187.jpg,1
3,c3,train_000188.jpg,2
3,c3,train_000189.jpg,0
4,c4,train_000190.jpg,1
3,c3,train_000191.jpg,2
1,c1,train_000192.jpg,0
0,c0,train_000193.jpg,1
3,c3,train_000194.jpg,2
2,c2,train_000195.jpg,0
2,c2,train_000196.jpg,1
3,c3,train_000197.jpg,2
0,c0,train_000198.jpg,0
3,c3,train_000199.jpg,1
1,c1,train_000200.jpg,2
1,c1,train_000201.jpg,0
2,c2,train_000202.jpg,1
1,c1,train_000203.jpg,2
0,c0,train_000204.jpg,0
2,c2,train_000205.jpg,1
3,c3,train_000206.jpg,2
0,c0,train_000207.jpg,0
1,c1,train_000208.jpg,1
3,c3,train_000209.jpg,2
2,c2,train_000210.jpg,0
0,c0,train_000211.jpg,1
0,c0,train_000212.jpg,2
0,c0,train_000213.jpg,0
1,c1,train_000214.jpg,1
0,c0,train_000215.jpg,2
3,c3,train_000216.jpg,0
0,c0,train_000217.jpg,1
0,c0,train_000218.jpg,2
0,c0,train_000219.jpg,0
0,c0,train_000220.jpg,1
3,c3,train_000221.jpg,2
0,c0,train_000222.jpg,0
1,c1,train_000223.jpg,1
2,c2,train_000224.jpg,2
4,c4,train_000225.jpg,0
0,c0,train_000226.jpg,1
3,c3,train_000227.jpg,2
3,c3,train_000228.jpg,0
3,c3,train_000229.jpg,1
2,c2,train_000230.jpg,2
0,c0,train_000231.jpg,0
1,c1,train_000232.jpg,1
0,c0,train_000233.jpg,2
3,c3,train_000234.jpg,0
0,c0,train_000235.jpg,1
1,c1,train_000236.jpg,2
0,c0,train_000237.jpg,0
0,c0,train_000238.jpg,1
0,c0,train_000239.jpg,2
0,c0,train_000240.jpg,0
2,c2,train_000241.jpg,1
1,c1,train_000242.jpg,2
4,c4,train_000243.jpg,0
2,c2,train_000244.jpg,1
2,c2,train_000245.jpg,2
0,c0,train_000246.jpg,0
0,c0,train_000247.jpg,1
0,c0,train_000248.jpg,2
0,c0,train_000249.jpg,0
4,c4,train_000250.jpg,1
1,c1,train_000251.jpg,2
0,c0,train_000252.jpg,0
0,c0,train_000253.jpg,1
2,c2,train_000254.jpg,2
4,c4,train_000255.jpg,0
0,c0,train_000256.jpg,1
3,c3,train_000257.jpg,2
3,c3,train_000258.jpg,0
0,c0,train_000259.jpg,1
1,c1,train_000260.jpg,2
0,c0,train_000261.jpg,0
3,c3,train_000262.jpg,1
2,c2,train_000263.jpg,2
4,c4,train_000264.jpg,0
0,c0,train_000265.jpg,1
0,c0,train_000266.jpg,2
0,c0,train_000267.jpg,0
2,c2,train_000268.jpg,1
0,c0,train_000269.jpg,2
0,c0,train_000270.jpg,0
1,c1,train_000271.jpg,1
2,c2,train_000272.jpg,2
0,c0,train_000273.jpg,0
3,c3,train_000274.jpg,1
0,c0,train_000275.jpg,2
2,c2,train_000276.jpg,0
2,c2,train_000277.jpg,1
4,c4,train_000278.jpg,2
0,c0,train_000279.jpg,0
0,c0,train_000280.jpg,1
2,c2,train_000281.jpg,2
2,c2,train_000282.jpg,0
2,c2,train_000283.jpg,1
1,c1,train_000284.jpg,2
0,c0,train_000285.jpg,0
2,c2,train_000286.jpg,1
0,c0,train_000287.jpg,2
4,c4,train_000288.jpg,0
3,c3,train_000289.jpg,1
0,c0,train_000290.jpg,2
4,c4,train_000291.jpg,0
1,c1,train_000292.jpg,1
2,c2,train_000293.jpg,2
0,c0,train_000294.jpg,0
0,c0,train_000295.jpg,1
0,c0,train_000296.jpg,2
2,c2,train_000297.jpg,0
2,c2,train_000298.jpg,1
0,c0,train_000299.jpg,2
3,c3,train_000300.jpg,0
3,c3,train_000301.jpg,1
2,c2,train_000302.jpg,2
0,c0,train_000303.jpg,0
2,c2,train_000304.jpg,1
3,c3,train_000305.jpg,2
0,c0,train_000306.jpg,0
3,c3,train_000307.jpg,1
0,c0,train_000308.jpg,2
0,c0,train_000309.jpg,0
2,c2,train_000310.jpg,1
0,c0,train_000311.jpg,2
2,c2,train_000312.jpg,0
0,c0,train_000313.jpg,1
0,c0,train_000314.jpg,2
0,c0,train_000315.jpg,0
3,c3,train_000316.jpg,1
3,c3,train_000317.jpg,2
2,c2,train_000318.jpg,0
3,c3,train_000319.jpg,1
0,c0,train_000320.jpg,2
0,c0,train_000321.jpg,0
0,c0,train_000322.jpg,1
0,c0,train_000323.jpg,2
0,c0,train_000324.jpg,0
0,c0,train_000325.jpg,1
2,c2,train_000326.jpg,2
0,c0,train_000327.jpg,0
0,c0,train_000328.jpg,1
0,c0,train_000329.jpg,2
3,c3,train_000330.jpg,0
3,c3,train_000331.jpg,1
1,c1,train_000332.jpg,2
3,c3,train_000333.jpg,0
0,c0,train_000334.jpg,1
0,c0,train_000335.jpg,2
3,c3,train_000336.jpg,0
2,c2,train_000337.jpg,1
0,c0,train_000338.jpg,2
3,c3,train_000339.jpg,0
3,c3,train_000340.jpg,1
0,c0,train_000341.jpg,2
0,c0,train_000342.jpg,0
0,c0,train_000343.jpg,1
3,c3,train_000344.jpg,2
3,c3,train_000345.jpg,0
3,c3,train_000346.jpg,1
0,c0,train_000347.jpg,2
2,c2,train_000348.jpg,0
1,c1,train_000349.jpg,1
3,c3,train_000350.jpg,2
0,c0,train_000351.jpg,0
0,c0,train_000352.jpg,1
0,c0,train_000353.jpg,2
4,c4,train_000354.jpg,0
1,c1,train_000355.jpg,1
2,c2,train_000356.jpg,2
4,c4,train_000357.jpg,0
1,c1,train_000358.jpg,1
2,c2,train_000359.jpg,2
3,c3,train_000360.jpg,0
0,c0,train_000361.jpg,1
0,c0,train_000362.jpg,2
0,c0,train_000363.jpg,0
3,c3,train_000364.jpg,1
2,c2,train_000365.jpg,2
0,c0,train_000366.jpg,0
0,c0,train_000367.jpg,1
2,c2,train_000368.jpg,2
0,c0,train_000369.jpg,0
3,c3,train_000370.jpg,1
3,c3,train_000371.jpg,2
0,c0,train_000372.jpg,0
0,c0,train_000373.jpg,1
1,c1,train_000374.jpg,2
0,c0,train_000375.jpg,0
2,c2,train_000376.jpg,1
0,c0,train_000377.jpg,2
0,c0,train_000378.jpg,0
0,c0,train_000379.jpg,1
0,c0,train_000380.jpg,2
0,c0,train_000381.jpg,0
0,c0,train_000382.jpg,1
0,c0,train_000383.jpg,2
2,c2,train_000384.jpg,0
0,c0,train_000385.jpg,1
2,c2,train_000386.jpg,2
0,c0,train_000387.jpg,0
3,c3,train_000388.jpg,1
0,c0,train_000389.jpg,2
0,c0,train_000390.jpg,0
2,c2,train_000391.jpg,1
4,c4,train_000392.jpg,2
2,c2,train_000393.jpg,0
0,c0,train_000394.jpg,1
1,c1,train_000395.jpg,2
0,c0,train_000396.jpg,0
0,c0,train_000397.jpg,1
4,c4,train_000398.jpg,2
3,c3,train_000399.jpg,0
0,c0,train_000400.jpg,1
0,c0,train_000401.jpg,2
4,c4,train_000402.jpg,0
3,c3,train_000403.jpg,1
1,c1,train_000404.jpg,2
0,c0,train_000405.jpg,0
3,c3,train_000406.jpg,1
0,c0,train_000407.jpg,2
2,c2,train_000408.jpg,0
1,c1,train_000409.jpg,1
3,c3,train_000410.jpg,2
3,c3,train_000411.jpg,0
0,c0,train_000412.jpg,1
0,c0,train_000413.jpg,2
2,c2,train_000414.jpg,0
3,c3,train_000415.jpg,1
0,c0,train_000416.jpg,2
1,c1,train_000417.jpg,0
1,c1,train_000418.jpg,1
2,c2,train_000419.jpg,2
0,c0,train_000420.jpg,0
1,c1,train_000421.jpg,1
3,c3,train_000422.jpg,2
0,c0,train_000423.jpg,0
0,c0,train_000424.jpg,1
2,c2,train_000425.jpg,2
0,c0,train_000426.jpg,0
3,c3,train_000427.jpg,1
3,c3,train_000428.jpg,2
3,c3,train_000429.jpg,0
2,c2,train_000430.jpg,1
0,c0,train_000431.jpg,2
0,c0,train_000432.jpg,0
0,c0,train_000433.jpg,1
4,c4,train_000434.jpg,2
0,c0,train_000435.jpg,0
2,c2,train_000436.jpg,1
3,c3,train_000437.jpg,2
1,c1,train_000438.jpg,0
1,c1,train_000439.jpg,1
2,c2,train_000440.jpg,2
0,c0,train_000441.jpg,0
3,c3,train_000442.jpg,1
2,c2,train_000443.jpg,2
1,c1,train_000444.jpg,0
2,c2,train_000445.jpg,1
0,c0,train_000446.jpg,2
3,c3,train_000447.jpg,0
0,c0,train_000448.jpg,1
0,c0,train_000449.jpg,2
0,c0,train_000450.jpg,0
1,c1,train_000451.jpg,1
0,c0,train_000452.jpg,2
0,c0,train_000453.jpg,0
1,c1,train_000454.jpg,1
0,c0,train_000455.jpg,2
0,c0,train_000456.jpg,0
0,c0,train_000457.jpg,1
1,c1,train_000458.jpg,2
0,c0,train_000459.jpg,0
2,c2,train_000460.jpg,1
3,c3,train_000461.jpg,2
0,c0,train_000462.jpg,0
2,c2,train_000463.jpg,1
3,c3,train_000464.jpg,2
2,c2,train_000465.jpg,0
0,c0,train_000466.jpg,1
0,c0,train_000467.jpg,2
0,c0,train_000468.jpg,0
3,c3,train_000469.jpg,1
4,c4,train_000470.jpg,2
1,c1,train_000471.jpg,0
0,c0,train_000472.jpg,1
0,c0,train_000473.jpg,2
2,c2,train_000474.jpg,0
2,c2,train_000475.jpg,1
0,c0,train_000476.jpg,2
4,c4,train_000477.jpg,0
2,c2,train_000478.jpg,1
0,c0,train_000479.jpg,2
0,c0,train_000480.jpg,0
2,c2,train_000481.jpg,1
0,c0,train_000482.jpg,2
0,c0,train_000483.jpg,0
0,c0,train_000484.jpg,1
2,c2,train_000485.jpg,2
3,c3,train_000486.jpg,0
0,c0,train_000487.jpg,1
3,c3,train_000488.jpg,2
0,c0,train_000489.jpg,0
2,c2,train_000490.jpg,1
0,c0,train_000491.jpg,2
0,c0,train_000492.jpg,0
0,c0,train_000493.jpg,1
2,c2,train_000494.jpg,2
3,c3,train_000495.jpg,0
0,c0,train_000496.jpg,1
2,c2,train_000497.jpg,2
1,c1,train_000498.jpg,0
0,c0,train_000499.jpg,1
0,c0,train_000500.jpg,2
2,c2,train_000501.jpg,0
2,c2,train_000502.jpg,1
0,c0,train_000503.jpg,2
1,c1,train_000504.jpg,0
4,c4,train_000505.jpg,1
0,c0,train_000506.jpg,2
0,c0,train_000507.jpg,0
2,c2,train_000508.jpg,1
2,c2,train_000509.jpg,2
0,c0,train_000510.jpg,0
0,c0,train_000511.jpg,1
3,c3,train_000512.jpg,2
3,c3,train_000513.jpg,0
3,c3,train_000514.jpg,1
0,c0,train_000515.jpg,2
0,c0,train_000516.jpg,0
0,c0,train_000517.jpg,1
0,c0,train_000518.jpg,2
2,c2,train_000519.jpg,0
2,c2,train_000520.jpg,1
4,c4,train_000521.jpg,2
0,c0,train_000522.jpg,0
1,c1,train_000523.jpg,1
1,c1,train_000524.jpg,2
0,c0,train_000525.jpg,0
3,c3,train_000526.jpg,1
2,c2,train_000527.jpg,2
0,c0,train_000528.jpg,0
2,c2,train_000529.jpg,1
0,c0,train_000530.jpg,2
0,c0,train_000531.jpg,0
2,c2,train_000532.jpg,1
4,c4,train_000533.jpg,2
0,c0,train_000534.jpg,0
0,c0,train_000535.jpg,1
1,c1,train_000536.jpg,2
0,c0,train_000537.jpg,0
0,c0,train_000538.jpg,1
0,c0,train_000539.jpg,2
3,c3,train_000540.jpg,0
0,c0,train_000541.jpg,1
4,c4,train_000542.jpg,2
2,c2,train_000543.jpg,0
0,c0,train_000544.jpg,1
0,c0,train_000545.jpg,2
1,c1,train_000546.jpg,0
0,c0,train_000547.jpg,1
0,c0,train_000548.jpg,2
0,c0,train_000549.jpg,0
3,c3,train_000550.jpg,1
0,c0,train_000551.jpg,2
0,c0,train_000552.jpg,0
1,c1,train_000553.jpg,1
2,c2,train_000554.jpg,2
0,c0,train_000555.jpg,0
2,c2,train_000556.jpg,1
0,c0,train_000557.jpg,2
3,c3,train_000558.jpg,0
0,c0,train_000559.jpg,1
2,c2,train_000560.jpg,2
2,c2,train_000561.jpg,0
1,c1,train_000562.jpg,1
0,c0,train_000563.jpg,2
0,c0,train_000564.jpg,0
1,c1,train_000565.jpg,1
0,c0,train_000566.jpg,2
0,c0,train_000567.jpg,0
0,c0,train_000568.jpg,1
0,c0,train_000569.jpg,2
0,c0,train_000570.jpg,0
2,c2,train_000571.jpg,1
0,c0,train_000572.jpg,2
0,c0,train_000573.jpg,0
0,c0,train_000574.jpg,1
2,c2,train_000575.jpg,2
2,c2,train_000576.jpg,0
2,c2,train_000577.jpg,1
0,c0,train_000578.jpg,2
0,c0,train_000579.jpg,0
3,c3,train_000580.jpg,1
4,c4,train_000581.jpg,2
2,c2,train_000582.jpg,0
3,c3,train_000583.jpg,1
2,c2,train_000584.jpg,2
0,c0,train_000585.jpg,0
3,c3,train_000586.jpg,1
2,c2,train_000587.jpg,2
3,c3,train_000588.jpg,0
3,c3,train_000589.jpg,1
0,c0,train_000590.jpg,2
2,c2,train_000591.jpg,0
0,c0,train_000592.jpg,1
3,c3,train_000593.jpg,2
4,c4,train_000594.jpg,0
0,c0,train_000595.jpg,1
0,c0,train_000596.jpg,2
2,c2,train_000597.jpg,0
3,c3,train_000598.jpg,1
3,c3,train_000599.jpg,2
0,c0,train_000600.jpg,0
3,c3,train_000601.jpg,1
4,c4,train_000602.jpg,2
1,c1,train_000603.jpg,0
2,c2,train_000604.jpg,1
0,c0,train_000605.jpg,2
0,c0,train_000606.jpg,0
0,c0,train_000607.jpg,1
0,c0,train_000608.jpg,2
0,c0,train_000609.jpg,0
0,c0,train_000610.jpg,1
0,c0,train_000611.jpg,2
0,c0,train_000612.jpg,0
2,c2,train_000613.jpg,1
2,c2,train_000614.jpg,2
3,c3,train_000615.jpg,0
0,c0,train_000616.jpg,1
0,c0,train_000617.jpg,2
3,c3,train_000618.jpg,0
0,c0,train_000619.jpg,1
1,c1,train_000620.jpg,2
4,c4,train_000621.jpg,0
0,c0,train_000622.jpg,1
2,c2,train_000623.jpg,2
1,c1,train_000624.jpg,0
0,c0,train_000625.jpg,1
3,c3,train_000626.jpg,2
3,c3,train_000627.jpg,0
0,c0,train_000628.jpg,1
4,c4,train_000629.jpg,2
0,c0,train_000630.jpg,0
1,c1,train_000631.jpg,1
0,c0,train_000632.jpg,2
1,c1,train_000633.jpg,0
4,c4,train_000634.jpg,1
0,c0,train_000635.jpg,2
0,c0,train_000636.jpg,0
3,c3,train_000637.jpg,1
3,c3,train_000638.jpg,2
2,c2,train_000639.jpg,0
0,c0,train_000640.jpg,1
0,c0,train_000641.jpg,2
0,c0,train_000642.jpg,0
0,c0,train_000643.jpg,1
1,c1,train_000644.jpg,2
2,c2,train_000645.jpg,0
0,c0,train_000646.jpg,1
2,c2,train_000647.jpg,2
0,c0,train_000648.jpg,0
0,c0,train_000649.jpg,1
3,c3,train_000650.jpg,2
0,c0,train_000651.jpg,0
0,c0,train_000652.jpg,1
3,c3,train_000653.jpg,2
2,c2,train_000654.jpg,0
0,c0,train_000655.jpg,1
2,c2,train_000656.jpg,2
0,c0,train_000657.jpg,0
0,c0,train_000658.jpg,1
0,c0,train_000659.jpg,2
2,c2,train_000660.jpg,0
1,c1,train_000661.jpg,1
2,c2,train_000662.jpg,2
4,c4,train_000663.jpg,0
0,c0,train_000664.jpg,1
0,c0,train_000665.jpg,2
3,c3,train_000666.jpg,0
2,c2,train_000667.jpg,1
0,c0,train_000668.jpg,2
2,c2,train_000669.jpg,0
1,c1,train_000670.jpg,1
3,c3,train_000671.jpg,2
2,c2,train_000672.jpg,0
0,c0,train_000673.jpg,1
2,c2,train_000674.jpg,2
2,c2,train_000675.jpg,0
2,c2,train_000676.jpg,1
0,c0,train_000677.jpg,2
2,c2,train_000678.jpg,0
3,c3,train_000679.jpg,1
1,c1,train_000680.jpg,2
0,c0,train_000681.jpg,0
0,c0,train_000682.jpg,1
0,c0,train_000683.jpg,2
3,c3,train_000684.jpg,0
0,c0,train_000685.jpg,1
1,c1,train_000686.jpg,2
0,c0,train_000687.jpg,0
3,c3,train_000688.jpg,1
3,c3,train_000689.jpg,2
0,c0,train_000690.jpg,0
0,c0,train_000691.jpg,1
1,c1,train_000692.jpg,2
0,c0,train_000693.jpg,0
2,c2,train_000694.jpg,1
1,c1,train_000695.jpg,2
0,c0,train_000696.jpg,0
0,c0,train_000697.jpg,1
4,c4,train_000698.jpg,2
0,c0,train_000699.jpg,0
0,c0,train_000700.jpg,1
3,c3,train_000701.jpg,2
0,c0,train_000702.jpg,0
4,c4,train_000703.jpg,1
3,c3,train_000704.jpg,2
2,c2,train_000705.jpg,0
2,c2,train_000706.jpg,1
2,c2,train_000707.jpg,2
0,c0,train_000708.jpg,0
4,c4,train_000709.jpg,1
1,c1,train_000710.jpg,2
0,c0,train_000711.jpg,0
3,c3,train_000712.jpg,1
1,c1,train_000713.jpg,2
1,c1,train_000714.jpg,0
1,c1,train_000715.jpg,1
3,c3,train_000716.jpg,2
2,c2,train_000717.jpg,0
0,c0,train_000718.jpg,1
3,c3,train_000719.jpg,2
0,c0,train_000720.jpg,0
0,c0,train_000721.jpg,1
2,c2,train_000722.jpg,2
0,c0,train_000723.jpg,0
1,c1,train_000724.jpg,1
0,c0,train_000725.jpg,2
2,c2,train_000726.jpg,0
1,c1,train_000727.jpg,1
3,c3,train_000728.jpg,2
3,c3,train_000729.jpg,0
1,c1,train_000730.jpg,1
0,c0,train_000731.jpg,2
0,c0,train_000732.jpg,0
0,c0,train_000733.jpg,1
0,c0,train_000734.jpg,2
3,c3,train_000735.jpg,0
3,c3,train_000736.jpg,1
3,c3,train_000737.jpg,2
2,c2,train_000738.jpg,0
2,c2,train_000739.jpg,1
2,c2,train_000740.jpg,2
4,c4,train_000741.jpg,0
1,c1,train_000742.jpg,1
2,c2,train_000743.jpg,2
0,c0,train_000744.jpg,0
4,c4,train_000745.jpg,1
0,c0,train_000746.jpg,2
1,c1,train_000747.jpg,0
0,c0,train_000748.jpg,1
3,c3,train_000749.jpg,2
0,c0,train_000750.jpg,0
0,c0,train_000751.jpg,1
1,c1,train_000752.jpg,2
0,c0,train_000753.jpg,0
2,c2,train_000754.jpg,1
0,c0,train_000755.jpg,2
4,c4,train_000756.jpg,0
0,c0,train_000757.jpg,1
0,c0,train_000758.jpg,2
2,c2,train_000759.jpg,0
0,c0,train_000760.jpg,1
1,c1,train_000761.jpg,2
0,c0,train_000762.jpg,0
2,c2,train_000763.jpg,1
4,c4,train_000764.jpg,2
1,c1,train_000765.jpg,0
3,c3,train_000766.jpg,1
3,c3,train_000767.jpg,2
0,c0,train_000768.jpg,0
2,c2,train_000769.jpg,1
3,c3,train_000770.jpg,2
0,c0,train_000771.jpg,0
1,c1,train_000772.jpg,1
0,c0,train_000773.jpg,2
0,c0,train_000774.jpg,0
1,c1,train_000775.jpg,1
0,c0,train_000776.jpg,2
4,c4,train_000777.jpg,0
1,c1,train_000778.jpg,1
1,c1,train_000779.jpg,2
1,c1,train_000780.jpg,0
3,c3,train_000781.jpg,1
0,c0,train_000782.jpg,2
0,c0,train_000783.jpg,0
2,c2,train_000784.jpg,1
4,c4,train_000785.jpg,2
4,c4,train_000786.jpg,0
1,c1,train_000787.jpg,1
3,c3,train_000788.jpg,2
1,c1,train_000789.jpg,0
1,c1,train_000790.jpg,1
0,c0,train_000791.jpg,2
3,c3,train_000792.jpg,0
0,c0,train_000793.jpg,1
3,c3,train_000794.jpg,2
1,c1,train_000795.jpg,0
1,c1,train_000796.jpg,1
0,c0,train_000797.jpg,2
1,c1,train_000798.jpg,0
4,c4,train_000799.jpg,1
0,c0,train_000800.jpg,2
2,c2,train_000801.jpg,0
0,c0,train_000802.jpg,1
0,c0,train_000803.jpg,2
0,c0,train_000804.jpg,0
0,c0,train_000805.jpg,1
0,c0,train_000806.jpg,2
0,c0,train_000807.jpg,0
0,c0,train_000808.jpg,1
0,c0,train_000809.jpg,2
3,c3,train_000810.jpg,0
3,c3,train_000811.jpg,1
2,c2,train_000812.jpg,2
1,c1,train_000813.jpg,0
0,c0,train_000814.jpg,1
0,c0,train_000815.jpg,2
0,c0,train_000816.jpg,0
3,c3,train_000817.jpg,1
4,c4,train_000818.jpg,2
0,c0,train_000819.jpg,0
2,c2,train_000820.jpg,1
3,c3,train_000821.jpg,2
2,c2,train_000822.jpg,0
3,c3,train_000823.jpg,1
0,c0,train_000824.jpg,2
0,c0,train_000825.jpg,0
0,c0,train_000826.jpg,1
0,c0,train_000827.jpg,2
1,c1,train_000828.jpg,0
0,c0,train_000829.jpg,1
3,c3,train_000830.jpg,2
0,c0,train_000831.jpg,0
0,c0,train_000832.jpg,1
0,c0,train_000833.jpg,2
3,c3,train_000834.jpg,0
4,c4,train_000835.jpg,1
0,c0,train_000836.jpg,2
0,c0,train_000837.jpg,0
0,c0,train_000838.jpg,1
3,c3,train_000839.jpg,2
1,c1,train_000840.jpg,0
2,c2,train_000841.jpg,1
0,c0,train_000842.jpg,2
3,c3,train_000843.jpg,0
4,c4,train_000844.jpg,1
0,c0,train_000845.jpg,2
1,c1,train_000846.jpg,0
4,c4,train_000847.jpg,1
3,c3,train_000848.jpg,2
1,c1,train_000849.jpg,0
2,c2,train_000850.jpg,1
0,c0,train_000851.jpg,2
1,c1,train_000852.jpg,0
2,c2,train_000853.jpg,1
0,c0,train_000854.jpg,2
1,c1,train_000855.jpg,0
2,c2,train_000856.jpg,1
0,c0,train_000857.jpg,2
3,c3,train_000858.jpg,0
0,c0,train_000859.jpg,1
0,c0,train_000860.jpg,2
4,c4,train_000861.jpg,0
3,c3,train_000862.jpg,1
3,c3,train_000863.jpg,2
1,c1,train_000864.jpg,0
3,c3,train_000865.jpg,1
2,c2,train_000866.jpg,2
0,c0,train_000867.jpg,0
3,c3,train_000868.jpg,1
3,c3,train_000869.jpg,2
0,c0,train_000870.jpg,0
2,c2,train_000871.jpg,1
0,c0,train_000872.jpg,2
0,c0,train_000873.jpg,0
2,c2,train_000874.jpg,1
3,c3,train_000875.jpg,2
4,c4,train_000876.jpg,0
3,c3,train_000877.jpg,1
2,c2,train_000878.jpg,2
0,c0,train_000879.jpg,0
0,c0,train_000880.jpg,1
3,c3,train_000881.jpg,2
2,c2,train_000882.jpg,0
0,c0,train_000883.jpg,1
0,c0,train_000884.jpg,2
3,c3,train_000885.jpg,0
0,c0,train_000886.jpg,1
0,c0,train_000887.jpg,2
0,c0,train_000888.jpg,0
0,c0,train_000889.jpg,1
4,c4,train_000890.jpg,2
0,c0,train_000891.jpg,0
0,c0,train_000892.jpg,1
2,c2,train_000893.jpg,2
1,c1,train_000894.jpg,0
0,c0,train_000895.jpg,1
0,c0,train_000896.jpg,2
3,c3,train_000897.jpg,0
2,c2,train_000898.jpg,1
0,c0,train_000899.jpg,2
0,c0,train_000900.jpg,0
0,c0,train_000901.jpg,1
2,c2,train_000902.jpg,2
0,c0,train_000903.jpg,0
1,c1,train_000904.jpg,1
0,c0,train_000905.jpg,2
0,c0,train_000906.jpg,0
0,c0,train_000907.jpg,1
2,c2,train_000908.jpg,2
0,c0,train_000909.jpg,0
0,c0,train_000910.jpg,1
0,c0,train_000911.jpg,2
0,c0,train_000912.jpg,0
3,c3,train_000913.jpg,1
0,c0,train_000914.jpg,2
0,c0,train_000915.jpg,0
0,c0,train_000916.jpg,1
0,c0,train_000917.jpg,2
3,c3,train_000918.jpg,0
0,c0,train_000919.jpg,1
0,c0,train_000920.jpg,2
3,c3,train_000921.jpg,0
3,c3,train_000922.jpg,1
0,c0,train_000923.jpg,2
2,c2,train_000924.jpg,0
0,c0,train_000925.jpg,1
3,c3,train_000926.jpg,2
0,c0,train_000927.jpg,0
0,c0,train_000928.jpg,1
2,c2,train_000929.jpg,2
0,c0,train_000930.jpg,0
0,c0,train_000931.jpg,1
3,c3,train_000932.jpg,2
1,c1,train_000933.jpg,0
0,c0,train_000934.jpg,1
1,c1,train_000935.jpg,2
1,c1,train_000936.jpg,0
2,c2,train_000937.jpg,1
2,c2,train_000938.jpg,2
3,c3,train_000939.jpg,0
0,c0,train_000940.jpg,1
3,c3,train_000941.jpg,2
3,c3,train_000942.jpg,0
1,c1,train_000943.jpg,1
0,c0,train_000944.jpg,2
2,c2,train_000945.jpg,0
3,c3,train_000946.jpg,1
1,c1,train_000947.jpg,2
0,c0,train_000948.jpg,0
2,c2,train_000949.jpg,1
0,c0,train_000950.jpg,2
3,c3,train_000951.jpg,0
0,c0,train_000952.jpg,1
0,c0,train_000953.jpg,2
0,c0,train_000954.jpg,0
3,c3,train_000955.jpg,1
1,c1,train_000956.jpg,2
0,c0,train_000957.jpg,0
1,c1,train_000958.jpg,1
1,c1,train_000959.jpg,2
1,c1,train_000960.jpg,0
0,c0,train_000961.jpg,1
0,c0,train_000962.jpg,2
4,c4,train_000963.jpg,0
0,c0,train_000964.jpg,1
2,c2,train_000965.jpg,2
1,c1,train_000966.jpg,0
1,c1,train_000967.jpg,1
2,c2,train_000968.jpg,2
0,c0,train_000969.jpg,0
0,c0,train_000970.jpg,1
0,c0,train_000971.jpg,2
0,c0,train_000972.jpg,0
4,c4,train_000973.jpg,1
0,c0,train_000974.jpg,2
0,c0,train_000975.jpg,0
3,c3,train_000976.jpg,1
1,c1,train_000977.jpg,2
3,c3,train_000978.jpg,0
0,c0,train_000979.jpg,1
0,c0,train_000980.jpg,2
0,c0,train_000981.jpg,0
3,c3,train_000982.jpg,1
0,c0,train_000983.jpg,2
0,c0,train_000984.jpg,0
0,c0,train_000985.jpg,1
0,c0,train_000986.jpg,2
1,c1,train_000987.jpg,0
3,c3,train_000988.jpg,1
0,c0,train_000989.jpg,2
4,c4,train_000990.jpg,0
3,c3,train_000991.jpg,1
3,c3,train_000992.jpg,2
0,c0,train_000993.jpg,0
0,c0,train_000994.jpg,1
2,c2,train_000995.jpg,2
2,c2,train_000996.jpg,0
0,c0,train_000997.jpg,1
2,c2,train_000998.jpg,2
3,c3,train_000999.jpg,0
3,c3,train_001000.jpg,1
0,c0,train_001001.jpg,2
3,c3,train_001002.jpg,0
1,c1,train_001003.jpg,1
4,c4,train_001004.jpg,2
3,c3,train_001005.jpg,0
0,c0,train_001006.jpg,1
2,c2,train_001007.jpg,2
2,c2,train_001008.jpg,0
4,c4,train_001009.jpg,1
3,c3,train_001010.jpg,2
0,c0,train_001011.jpg,0
0,c0,train_001012.jpg,1
0,c0,train_001013.jpg,2
0,c0,train_001014.jpg,0
1,c1,train_001015.jpg,1
0,c0,train_001016.jpg,2
3,c3,train_001017.jpg,0
3,c3,train_001018.jpg,1
3,c3,train_001019.jpg,2
1,c1,train_001020.jpg,0
2,c2,train_001021.jpg,1
0,c0,train_001022.jpg,2
0,c0,train_001023.jpg,0
0,c0,train_001024.jpg,1
0,c0,train_001025.jpg,2
0,c0,train_001026.jpg,0
0,c0,train_001027.jpg,1
0,c0,train_001028.jpg,2
2,c2,train_001029.jpg,0
0,c0,train_001030.jpg,1
0,c0,train_001031.jpg,2
3,c3,train_001032.jpg,0
0,c0,train_001033.jpg,1
0,c0,train_001034.jpg,2
2,c2,train_001035.jpg,0
4,c4,train_001036.jpg,1
3,c3,train_001037.jpg,2
0,c0,train_001038.jpg,0
3,c3,train_001039.jpg,1
2,c2,train_001040.jpg,2
0,c0,train_001041.jpg,0
3,c3,train_001042.jpg,1
3,c3,train_001043.jpg,2
0,c0,train_001044.jpg,0
1,c1,train_001045.jpg,1
3,c3,train_001046.jpg,2
3,c3,train_001047.jpg,0
2,c2,train_001048.jpg,1
0,c0,train_001049.jpg,2
2,c2,train_001050.jpg,0
0,c0,train_001051.jpg,1
0,c0,train_001052.jpg,2
2,c2,train_001053.jpg,0
1,c1,train_001054.jpg,1
3,c3,train_001055.jpg,2
2,c2,train_001056.jpg,0
2,c2,train_001057.jpg,1
1,c1,train_001058.jpg,2
1,c1,train_001059.jpg,0
2,c2,train_001060.jpg,1
0,c0,train_001061.jpg,2
3,c3,train_001062.jpg,0
0,c0,train_001063.jpg,1
3,c3,train_001064.jpg,2
2,c2,train_001065.jpg,0
0,c0,train_001066.jpg,1
0,c0,train_001067.jpg,2
2,c2,train_001068.jpg,0
0,c0,train_001069.jpg,1
2,c2,train_001070.jpg,2
0,c0,train_001071.jpg,0
2,c2,train_001072.jpg,1
1,c1,train_001073.jpg,2
2,c2,train_001074.jpg,0
0,c0,train_001075.jpg,1
0,c0,train_001076.jpg,2
2,c2,train_001077.jpg,0
2,c2,train_001078.jpg,1
3,c3,train_001079.jpg,2
0,c0,train_001080.jpg,0
2,c2,train_001081.jpg,1
0,c0,train_001082.jpg,2
0,c0,train_001083.jpg,0
0,c0,train_001084.jpg,1
0,c0,train_001085.jpg,2
1,c1,train_001086.jpg,0
2,c2,train_001087.jpg,1
0,c0,train_001088.jpg,2
3,c3,train_001089.jpg,0
2,c2,train_001090.jpg,1
0,c0,train_001091.jpg,2
0,c0,train_001092.jpg,0
0,c0,train_001093.jpg,1
0,c0,train_001094.jpg,2
0,c0,train_001095.jpg,0
3,c3,train_001096.jpg,1
2,c2,train_001097.jpg,2
1,c1,train_001098.jpg,0
3,c3,train_001099.jpg,1
0,c0,train_001100.jpg,2
1,c1,train_001101.jpg,0
0,c0,train_001102.jpg,1
2,c2,train_001103.jpg,2
0,c0,train_001104.jpg,0
0,c0,train_001105.jpg,1
1,c1,train_001106.jpg,2
0,c0,train_001107.jpg,0
0,c0,train_001108.jpg,1
3,c3,train_001109.jpg,2
3,c3,train_001110.jpg,0
3,c3,train_001111.jpg,1
4,c4,train_001112.jpg,2
0,c0,train_001113.jpg,0
0,c0,train_001114.jpg,1
3,c3,train_001115.jpg,2
3,c3,train_001116.jpg,0
1,c1,train_001117.jpg,1
0,c0,train_001118.jpg,2
0,c0,train_001119.jpg,0
0,c0,train_001120.jpg,1
0,c0,train_001121.jpg,2
0,c0,train_001122.jpg,0
0,c0,train_001123.jpg,1
1,c1,train_001124.jpg,2
1,c1,train_001125.jpg,0
2,c2,train_001126.jpg,1
3,c3,train_001127.jpg,2
2,c2,train_001128.jpg,0
4,c4,train_001129.jpg,1
0,c0,train_001130.jpg,2
0,c0,train_001131.jpg,0
0,c0,train_001132.jpg,1
3,c3,train_001133.jpg,2
2,c2,train_001134.jpg,0
0,c0,train_001135.jpg,1
4,c4,train_001136.jpg,2
3,c3,train_001137.jpg,0
0,c0,train_001138.jpg,1
0,c0,train_001139.jpg,2
0,c0,train_001140.jpg,0
0,c0,train_001141.jpg,1
2,c2,train_001142.jpg,2
2,c2,train_001143.jpg,0
0,c0,train_001144.jpg,1
2,c2,train_001145.jpg,2
0,c0,train_001146.jpg,0
2,c2,train_001147.jpg,1
0,c0,train_001148.jpg,2
1,c1,train_001149.jpg,0
3,c3,train_001150.jpg,1
2,c2,train_001151.jpg,2
3,c3,train_001152.jpg,0
0,c0,train_001153.jpg,1
3,c3,train_001154.jpg,2
0,c0,train_001155.jpg,0
0,c0,train_001156.jpg,1
0,c0,train_001157.jpg,2
2,c2,train_001158.jpg,0
1,c1,train_001159.jpg,1
2,c2,train_001160.jpg,2
2,c2,train_001161.jpg,0
0,c0,train_001162.jpg,1
2,c2,train_001163.jpg,2
2,c2,train_001164.jpg,0
0,c0,train_001165.jpg,1
2,c2,train_001166.jpg,2
2,c2,train_001167.jpg,0
2,c2,train_001168.jpg,1
3,c3,train_001169.jpg,2
4,c4,train_001170.jpg,0
0,c0,train_001171.jpg,1
1,c1,train_001172.jpg,2
0,c0,train_001173.jpg,0
2,c2,train_001174.jpg,1
4,c4,train_001175.jpg,2
0,c0,train_001176.jpg,0
2,c2,train_001177.jpg,1
0,c0,train_001178.jpg,2
0,c0,train_001179.jpg,0
3,c3,train_001180.jpg,1
4,c4,train_001181.jpg,2
3,c3,train_001182.jpg,0
2,c2,train_001183.jpg,1
1,c1,train_001184.jpg,2
2,c2,train_001185.jpg,0
0,c0,train_001186.jpg,1
2,c2,train_001187.jpg,2
0,c0,train_001188.jpg,0
2,c2,train_001189.jpg,1
2,c2,train_001190.jpg,2
0,c0,train_001191.jpg,0
3,c3,train_001192.jpg,1
1,c1,train_001193.jpg,2
0,c0,train_001194.jpg,0
3,c3,train_001195.jpg,1
3,c3,train_001196.jpg,2
0,c0,train_001197.jpg,0
0,c0,train_001198.jpg,1
0,c0,train_001199.jpg,2
