ds,tight,method,n,F1m_mean,F1m_std,Acc_mean,Acc_std,ECE_mean,ECE_std,Brier_mean,Brier_std,Flips_mean,Flips_std,Sat%_mean,Sat%_std,SatEp_mean,SatEp_std,Time_mean,Time_std
aider,L20_G20,danits_lp,4,0.80235,0.00787337,0.92415,0.00212681,0.0116,0.00152534,0.023675,0.00489515,84.5,4.43471,0,0,,,0.360525,0.00546161
aider,L20_G20,fioretto_ldf,4,0.790975,0.0116871,0.91385,0.00696395,0.082775,0.00778091,0.1677,0.0133224,6.5,1.73205,1,0,22.25,5.43906,15.3318,2.35527
aider,L20_G20,heuristic,4,0.801875,0.00765784,0.92415,0.00212681,0.0116,0.00152534,0.023675,0.00489515,84.5,4.43471,0,0,,,0.335875,0.0347008
aider,L20_G20,hounie_rcl,4,0.7679,0.0199287,0.902925,0.00894031,0.102275,0.00585854,0.2071,0.013822,16.75,1.5,1,0,77.5,32.9292,39.9268,14.5062
aider,L20_G20,tralo,4,0.79285,0.0112849,0.915125,0.00695911,0.0781,0.00743371,0.158575,0.0135411,1.25,1.89297,1,0,75.5,6.45497,44.2657,28.2987
aider,L20_G20,tralo_bounded,4,0.791725,0.0111216,0.914275,0.00662942,0.083075,0.00818469,0.16935,0.0148291,5.75,4.03113,1,0,75.5,6.45497,17.4715,3.0572
aider,L30_G30,danits_lp,4,0.839125,0.00720203,0.9334,0.00208006,0.0116,0.00152534,0.023675,0.00489515,73.5,4.43471,0,0,,,0.351875,0.0256829
aider,L30_G30,fioretto_ldf,4,0.83005,0.0100765,0.925225,0.0057011,0.072025,0.00918418,0.14975,0.0156573,8,4.54606,1,0,21.25,5.43906,14.7272,2.60016
aider,L30_G30,heuristic,4,0.838875,0.00814877,0.9334,0.00208006,0.0116,0.00152534,0.023675,0.00489515,73.5,4.43471,0,0,,,0.342375,0.0244046
aider,L30_G30,hounie_rcl,4,0.8053,0.0188437,0.914075,0.00830557,0.097375,0.00696868,0.198025,0.0151317,26.5,2.64575,1,0,72.5,28.396,39.3991,13.0616
aider,L30_G30,tralo,4,0.8362,0.006245,0.9288,0.0035534,0.065025,0.00539282,0.1368,0.00885513,2,2.44949,1,0,70.5,4.72582,43.7128,45.6074
aider,L30_G30,tralo_bounded,4,0.830225,0.0105888,0.924975,0.00636573,0.0723,0.00954603,0.149125,0.0170572,8,4.24264,1,0,71,5.65685,15.0251,2.59694
aider,L50_G50,danits_lp,4,0.89315,0.00677176,0.9502,0.00208006,0.0116,0.00152534,0.023675,0.00489515,53.5,4.43471,0,0,,,0.361325,0.03374
aider,L50_G50,fioretto_ldf,4,0.88555,0.00606932,0.9439,0.00372111,0.0541,0.00133417,0.11315,0.00132288,8.75,3.77492,1,0,18.75,4.5,13.086,1.89451
aider,L50_G50,heuristic,4,0.89315,0.00677176,0.9502,0.00208006,0.0116,0.00152534,0.023675,0.00489515,53.5,4.43471,0,0,,,0.324025,0.0320012
aider,L50_G50,hounie_rcl,4,0.865625,0.0208703,0.93405,0.0094652,0.08405,0.00939095,0.1714,0.018639,37.75,6.84957,1,0,78.75,32.3252,41.3373,14.2702
aider,L50_G50,tralo,4,0.8867,0.00446617,0.94475,0.00292859,0.04855,0.00200416,0.100025,0.00409746,0,0,1,0,68,4.54606,61.0814,56.8759
aider,L50_G50,tralo_bounded,4,0.886175,0.00627236,0.94415,0.00367831,0.05325,0.00252784,0.111175,0.00541995,8.25,3.94757,0.5,0.57735,69,7.07107,26.5691,14.673
aider,L70_G70,danits_lp,4,0.93565,0.00576513,0.967,0.00208006,0.0116,0.00152534,0.023675,0.00489515,33.5,4.43471,0,0,,,0.354275,0.0318143
aider,L70_G70,fioretto_ldf,4,0.930175,0.00542056,0.962375,0.00287214,0.031325,0.00328976,0.068025,0.00730588,2.25,0.957427,1,0,16.25,4.03113,12.5905,1.5747
aider,L70_G70,heuristic,4,0.93565,0.00576513,0.967,0.00208006,0.0116,0.00152534,0.023675,0.00489515,33.5,4.43471,0,0,,,0.335975,0.0282904
aider,L70_G70,hounie_rcl,4,0.9267,0.00749889,0.95965,0.00410974,0.05525,0.0049736,0.1152,0.0102512,30.5,3.69685,1,0,91.75,41.7403,47.8513,18.1097
aider,L70_G70,tralo,4,0.93195,0.00512413,0.9634,0.00242487,0.030525,0.00349321,0.065175,0.00672378,0.5,1,1,0,65.75,4.5,48.1211,61.5039
aider,L70_G70,tralo_bounded,4,0.930675,0.00499491,0.962375,0.00287214,0.034125,0.00327249,0.0717,0.00813429,5.75,3.86221,0.75,0.5,63.6667,2.08167,19.0385,14.5598
aider,L80_G80,danits_lp,4,0.9563,0.00483115,0.97625,0.00212681,0.0116,0.00152534,0.023675,0.00489515,22.5,4.43471,0,0,,,0.34655,0.0416061
aider,L80_G80,fioretto_ldf,4,0.95305,0.00404516,0.9731,0.00246847,0.024825,0.00349988,0.054225,0.00563168,5.25,1.70783,1,0,15,3.55903,11.2176,1.66546
aider,L80_G80,heuristic,4,0.9563,0.00483115,0.97625,0.00212681,0.0116,0.00152534,0.023675,0.00489515,22.5,4.43471,0,0,,,0.3366,0.039315
aider,L80_G80,hounie_rcl,4,0.947325,0.00568001,0.96995,0.00276948,0.033875,0.00634265,0.073875,0.0134329,16.75,6.70199,1,0,107,52.0064,53.7953,22.8283
aider,L80_G80,tralo,4,0.953325,0.00412906,0.973725,0.0027097,0.023275,0.00280877,0.047775,0.00527849,0.5,0.57735,1,0,65.25,4.99166,19.3186,3.33421
aider,L80_G80,tralo_bounded,4,0.9527,0.0044699,0.9729,0.00267582,0.02425,0.00337688,0.05215,0.00583181,3.75,1.89297,0.75,0.5,63,2.64575,18.2364,14.9482
dermmnist,L20_G20,danits_lp,4,0.703,0.0180457,0.836725,0.00539158,0.101175,0.00745313,0.231475,0.00820097,158.5,7.14143,0,0,,,0.482875,0.0660573
dermmnist,L20_G20,fioretto_ldf,4,0.7049,0.0140686,0.828525,0.0100035,0.1512,0.0135376,0.320275,0.0209363,12.75,6.0208,1,0,20.75,0.5,22.4527,0.250078
dermmnist,L20_G20,heuristic,4,0.703,0.0180457,0.836725,0.00539158,0.101175,0.00745313,0.231475,0.00820097,158.5,7.14143,0,0,,,0.4403,0.0621425
dermmnist,L20_G20,hounie_rcl,4,0.696375,0.0113694,0.8264,0.00882459,0.15395,0.0118919,0.327975,0.0243035,17.75,4.64579,1,0,57.25,8.99537,54.5777,6.75158
dermmnist,L20_G20,tralo,4,0.7077,0.0129432,0.832275,0.00579964,0.142525,0.00592192,0.30445,0.0100789,2.5,2.08167,1,0,70.5,0.57735,87.0317,99.9517
dermmnist,L20_G20,tralo_bounded,4,0.70455,0.0120639,0.829525,0.00608023,0.148025,0.0103915,0.314525,0.0203726,12.25,4.272,0.75,0.5,70.6667,0.57735,34.3226,21.7117
dermmnist,L30_G30,danits_lp,4,0.722425,0.01681,0.846075,0.00475,0.101175,0.00745313,0.231475,0.00820097,136.5,7.14143,0,0,,,0.485675,0.0631255
dermmnist,L30_G30,fioretto_ldf,4,0.7305,0.011458,0.843075,0.00469707,0.1319,0.00554917,0.285525,0.00737897,11,1.41421,0.5,0.57735,16.5,0.707107,41.8529,25.9056
dermmnist,L30_G30,heuristic,4,0.722375,0.0168603,0.846075,0.00475,0.101175,0.00745313,0.231475,0.00820097,136.5,7.14143,0,0,,,0.443675,0.0686806
dermmnist,L30_G30,hounie_rcl,4,0.7305,0.00701237,0.8432,0.00216025,0.13465,0.00654344,0.292175,0.010981,18.25,9.28709,1,0,50.75,5.67891,47.9379,4.411
dermmnist,L30_G30,tralo,4,0.730075,0.00671336,0.8442,0.00147196,0.130875,0.00521304,0.281725,0.0094975,8,9.76388,1,0,67.25,2.06155,132.797,121.675
dermmnist,L30_G30,tralo_bounded,4,0.734675,0.00976332,0.84545,0.00287228,0.130525,0.00455805,0.279875,0.00802678,8,4.54606,0.5,0.57735,66,1.41421,42.6035,26.4475
dermmnist,L50_G50,danits_lp,4,0.74715,0.0189273,0.858075,0.00688446,0.101175,0.00745313,0.231475,0.00820097,92.5,7.14143,0,0,,,0.488275,0.0638643
dermmnist,L50_G50,fioretto_ldf,4,0.7644,0.00958749,0.86245,0.00275379,0.111375,0.00418201,0.24705,0.00653121,9.75,2.06155,0.75,0.5,11.6667,1.52753,27.1193,22.6264
dermmnist,L50_G50,heuristic,4,0.74715,0.0187884,0.858075,0.00688446,0.101175,0.00745313,0.231475,0.00820097,92.5,7.14143,0,0,,,0.440425,0.0810029
dermmnist,L50_G50,hounie_rcl,4,0.764125,0.012857,0.862575,0.00368273,0.115,0.00534665,0.25295,0.00620457,19.5,3.41565,1,0,44.5,5.91608,43.1259,4.55546
dermmnist,L50_G50,tralo,4,0.76455,0.00460326,0.86245,0.00225462,0.111925,0.00540208,0.244975,0.00695671,4,3.3665,1,0,62,1.41421,112.101,105.893
dermmnist,L50_G50,tralo_bounded,4,0.764125,0.0106635,0.8627,0.00362859,0.1116,0.00523132,0.246175,0.00687332,10,4.96655,0.75,0.5,61.6667,1.52753,27.3417,22.8265
dermmnist,L70_G70,danits_lp,4,0.76415,0.0150502,0.8652,0.00530723,0.101175,0.00745313,0.231475,0.00820097,47.5,7.14143,0,0,,,0.488675,0.0562661
dermmnist,L70_G70,fioretto_ldf,4,0.78735,0.00489115,0.8722,0.00238048,0.10035,0.00297377,0.225025,0.00427502,12,5.2915,1,0,7.75,0.5,12.8012,0.484339
dermmnist,L70_G70,heuristic,4,0.76425,0.0146566,0.865325,0.00510514,0.101175,0.00745313,0.231475,0.00820097,47.5,7.14143,0,0,,,0.445475,0.0623796
dermmnist,L70_G70,hounie_rcl,4,0.78545,0.00878237,0.8722,0.00248328,0.101425,0.00335894,0.226625,0.00433618,17,6.27163,1,0,41.5,4.12311,40.7159,2.96605
dermmnist,L70_G70,tralo,4,0.788425,0.00512014,0.8732,0.0034641,0.099125,0.00299819,0.223725,0.0047521,4.25,2.62996,1,0,57.25,0.5,81.9444,103.687
dermmnist,L70_G70,tralo_bounded,4,0.785575,0.00606815,0.872075,0.00217466,0.10035,0.00343171,0.2244,0.00428252,9.5,3.69685,0.75,0.5,56.6667,0.57735,24.3204,23.4168
dermmnist,L80_G80,danits_lp,4,0.766725,0.0148057,0.865825,0.00473242,0.101175,0.00745313,0.231475,0.00820097,26,7.87401,0,0,,,0.474025,0.0870921
dermmnist,L80_G80,fioretto_ldf,4,0.788825,0.00340722,0.872825,0.00344903,0.096575,0.0026663,0.2203,0.00393785,15,2.94392,1,0,5,0.816497,10.4253,0.698981
dermmnist,L80_G80,heuristic,4,0.768225,0.0144412,0.866575,0.00493921,0.101175,0.00745313,0.231475,0.00820097,26.5,8.66025,0,0,,,0.435325,0.0867153
dermmnist,L80_G80,hounie_rcl,4,0.78925,0.00423832,0.873075,0.00344903,0.095525,0.0023782,0.219125,0.00432155,9,4.08248,1,0,32.25,17.4428,33.6833,12.8654
dermmnist,L80_G80,tralo,4,0.78915,0.00920815,0.87295,0.00569356,0.097925,0.00437598,0.2187,0.00536718,4.5,2.38048,1,0,54.5,2.08167,20.2977,9.18435
dermmnist,L80_G80,tralo_bounded,4,0.78745,0.00620779,0.87295,0.00405175,0.096675,0.00236977,0.22005,0.00357445,12.5,1.29099,1,0,54,1.63299,10.0118,1.24955
tissuemnist,L20_G20,danits_lp,4,0.33825,0.0211972,0.4751,0.00836939,0.4105,0.00863674,0.900825,0.0141236,117,59.324,0,0,,,0.5441,0.0980582
tissuemnist,L20_G20,fioretto_ldf,4,0.3531,0.00788416,0.502725,0.00577661,0.3968,0.0100721,0.866,0.0168373,7.75,2.5,0.75,0.5,19.3333,5.03322,46.6427,31.7876
tissuemnist,L20_G20,heuristic,4,0.33855,0.0208989,0.475225,0.00814304,0.4105,0.00863674,0.900825,0.0141236,117,59.324,0,0,,,0.47945,0.0942829
tissuemnist,L20_G20,hounie_rcl,4,0.350525,0.00640696,0.503,0.00542955,0.396575,0.00935428,0.86725,0.0143491,7.5,4.50925,1,0,78.25,20.8387,80.0747,18.2489
tissuemnist,L20_G20,tralo,4,0.353775,0.00863419,0.50105,0.00540648,0.3984,0.012676,0.871125,0.0149029,4.5,5.06623,1,0,69.75,4.19325,39.8674,7.53348
tissuemnist,L20_G20,tralo_bounded,4,0.35235,0.00600694,0.502825,0.00653318,0.39735,0.0107112,0.86565,0.0154791,7.5,4.20317,1,0,69.75,4.19325,36.672,5.19309
tissuemnist,L30_G30,danits_lp,4,0.345825,0.0237357,0.4772,0.00865486,0.4105,0.00863674,0.900825,0.0141236,100,59.324,0,0,,,0.545025,0.098966
tissuemnist,L30_G30,fioretto_ldf,4,0.359975,0.00962614,0.504075,0.0053369,0.3936,0.0123099,0.860425,0.0168798,10,4.54606,1,0,16.25,3.5,40.7685,10.6958
tissuemnist,L30_G30,heuristic,4,0.3461,0.024215,0.477325,0.00872749,0.4105,0.00863674,0.900825,0.0141236,100,59.324,0,0,,,0.48765,0.106215
tissuemnist,L30_G30,hounie_rcl,4,0.36015,0.00889363,0.504275,0.00777619,0.39275,0.0124645,0.862,0.0146007,10.5,3.87298,1,0,68.25,15.1079,137.785,31.2159
tissuemnist,L30_G30,tralo,4,0.364125,0.00899125,0.506675,0.00545183,0.39395,0.0108125,0.85805,0.0120953,5,2.16025,1,0,66,4.24264,80.6033,75.5455
tissuemnist,L30_G30,tralo_bounded,4,0.361525,0.0115315,0.504075,0.00577776,0.393475,0.0113995,0.8599,0.0160505,9.75,3.86221,0.75,0.5,64.3333,3.21455,87.7002,93.4148
tissuemnist,L50_G50,danits_lp,4,0.355725,0.0251448,0.480225,0.00998278,0.4105,0.00863674,0.900825,0.0141236,66.5,56.9942,0.25,0.5,,,0.55255,0.110057
tissuemnist,L50_G50,fioretto_ldf,4,0.3699,0.0129507,0.5047,0.00498598,0.387575,0.0111042,0.851925,0.0173108,11,5.88784,1,0,10,4.6188,32.3071,9.47857
tissuemnist,L50_G50,heuristic,4,0.35585,0.0257884,0.480325,0.010043,0.4105,0.00863674,0.900825,0.0141236,68.5,53.9907,0.25,0.5,,,0.488225,0.103156
tissuemnist,L50_G50,hounie_rcl,4,0.37035,0.0126165,0.5052,0.00388844,0.387675,0.00926512,0.852125,0.0151073,10.75,3.77492,1,0,52.25,14.0801,117.352,23.9252
tissuemnist,L50_G50,tralo,4,0.372325,0.00996138,0.5074,0.00254558,0.3874,0.00889494,0.84925,0.0101497,4.25,2.98608,1,0,60,4.69042,55.7044,42.3094
tissuemnist,L50_G50,tralo_bounded,4,0.36775,0.0119782,0.5028,0.00682691,0.389975,0.00789699,0.853575,0.0158855,11,3.16228,1,0,59.5,5.19615,41.7871,10.1284
tissuemnist,L70_G70,danits_lp,4,0.3585,0.0218154,0.480325,0.00858463,0.4105,0.00863674,0.900825,0.0141236,41.25,45.0287,0.25,0.5,,,0.5424,0.097506
tissuemnist,L70_G70,fioretto_ldf,4,0.3747,0.0142775,0.504375,0.00554339,0.387675,0.01096,0.84935,0.0181243,22.75,13.301,1,0,5.75,5.5,13.4207,5.1725
tissuemnist,L70_G70,heuristic,4,0.36055,0.0213002,0.480925,0.00866886,0.4105,0.00863674,0.900825,0.0141236,52.75,33.9743,0.25,0.5,,,0.467925,0.0952966
tissuemnist,L70_G70,hounie_rcl,4,0.374825,0.0146564,0.5045,0.00530974,0.387625,0.011056,0.849725,0.0177513,23.5,12.7148,1,0,23.75,26.2726,30.401,24.5711
tissuemnist,L70_G70,tralo,4,0.379975,0.019835,0.50865,0.0105516,0.382975,0.0139915,0.846025,0.0213733,8.5,7.32575,1,0,55.75,5.5,20.7411,9.72571
tissuemnist,L70_G70,tralo_bounded,4,0.375225,0.0149616,0.5052,0.00541541,0.386525,0.0123495,0.8497,0.0177976,20.5,15.6738,1,0,55.75,5.5,13.4501,5.35692
tissuemnist,L80_G80,danits_lp,4,0.359625,0.0226916,0.480525,0.00864884,0.4105,0.00863674,0.900825,0.0141236,31.75,36.4177,0.5,0.57735,,,0.5368,0.0993109
tissuemnist,L80_G80,fioretto_ldf,4,0.37705,0.0158452,0.5049,0.00579022,0.386375,0.0124727,0.849,0.0184729,28.5,25.8263,1,0,5,4.69042,12.3042,4.1228
tissuemnist,L80_G80,heuristic,4,0.360725,0.0224599,0.480525,0.00911277,0.4105,0.00863674,0.900825,0.0141236,49.75,23.2002,0.5,0.57735,,,0.480775,0.0969542
tissuemnist,L80_G80,hounie_rcl,4,0.376375,0.0147181,0.504475,0.00588126,0.3867,0.0120676,0.849275,0.0181986,31.5,22.4277,1,0,22.5,24.8395,29.1478,23.4742
tissuemnist,L80_G80,tralo,4,0.376775,0.0160913,0.50655,0.0109327,0.38575,0.0130941,0.84755,0.0220322,17.75,17.7459,1,0,54.5,4.12311,45.2248,54.32
tissuemnist,L80_G80,tralo_bounded,4,0.37605,0.0151271,0.504875,0.00570343,0.38555,0.0133782,0.849575,0.0179123,30.5,23.5584,1,0,54.5,4.12311,12.292,4.17445
